Address,Short Address,BTC,USD Value,% of coins,First In,Last In,Ins,First Out,Last Out,Outs
"34xp4vRoCGJym3xR7yCVPFHoCNxv4Twseowallet: Binance-coldwalletBalance:248,598 BTC ($21,909,250,058) Ins:5388 Outs:451",34xp4vRo,248598.0,21909250058.0,1.25,2018-10-18 12:59:18+00:00,2025-03-03 21:40:57+00:00,5388,2018-10-18 13:19:26+00:00,2023-01-07 06:15:34+00:00,451
"bc1qgdjqv0av3q56jvd82tkdjpy7gdp9ut8tlqmgrpmv24sq90ecnvqqjw..vw97wallet: Bitfinex-coldwalletBalance:156,010 BTC ($13,749,387,343) Ins:280 Outs:182",bc1qgdjq,156010.0,13749387343.0,0.7866,2019-08-16 10:00:29+00:00,2025-02-26 08:54:59+00:00,280,2020-02-02 17:43:14+00:00,2024-11-21 18:59:48+00:00,182
"bc1ql49ydapnjafl5t2cp9zqpjwe6pdgmxy98859v2wallet: Robinhood-coldwalletBalance:140,575 BTC ($12,389,056,710) Ins:442 Outs:383",bc1ql49y,140575.0,12389056710.0,0.7088,2023-05-08 18:42:20+00:00,2025-02-28 11:46:32+00:00,442,2023-05-09 23:16:11+00:00,2025-01-08 14:54:36+00:00,383
"3M219KR5vEneNb47ewrPfWyb5jQ2DjxRP6wallet: Binance-coldwallet 30d:+15312 BTCBalance:117,864 BTC ($10,387,525,918) Ins:401 Outs:264",3M219KR5,117864.0,10387525918.0,0.5943,2018-11-13 14:11:02+00:00,2025-02-25 19:39:31+00:00,401,2018-11-13 14:11:02+00:00,2024-11-23 21:55:27+00:00,264
"bc1qazcm763858nkj2dj986etajv6wquslv8uxwcztwallet: Bitfinex-Hack-RecoveryBalance:94,643 BTC ($8,341,063,233) Ins:144 Outs:0",bc1qazcm,94643.0,8341063233.0,0.4772,2022-02-01 04:14:24+00:00,2025-02-26 09:00:28+00:00,144,,,0
"bc1qjasf9z3h7w3jspkhtgatgpyvvzgpa2wwd2lr0eh5tx44reyn2k7sfc..27a4wallet: TetherBalance:83,759 BTC ($7,381,760,999) Ins:110 Outs:101",bc1qjasf,83759.0,7381760999.0,0.4223,2022-09-30 11:50:39+00:00,2025-02-26 09:28:01+00:00,110,2022-09-30 13:24:19+00:00,2024-12-23 00:41:22+00:00,101
"1FeexV6bAHb8ybZjqQMjJrcCrHGW9sb6uFwallet: MtGox-HackBalance:79,957 BTC ($7,046,746,256) Ins:618 Outs:0",1FeexV6b,79957.0,7046746256.0,0.4032,2011-03-01 10:26:19+00:00,2025-02-14 11:54:16+00:00,618,,,0
"bc1q8yj0herd4r4yxszw3nkfvt53433thk0f5qst4gBalance:78,317 BTC ($6,902,190,317) Ins:30 Outs:0",bc1q8yj0,78317.0,6902190317.0,0.3949,2024-03-23 01:55:58+00:00,2025-02-26 08:30:00+00:00,30,,,0
"bc1qa5wkgaew2dkv56kfvj49j0av5nml45x9ek9hz6wallet: SilkRoad-FBI-Confiscated Balance:69,370 BTC ($6,113,691,484) Ins:115 Outs:0",bc1qa5wk,69370.0,6113691484.0,0.3498,2020-11-03 21:31:39+00:00,2025-02-26 09:28:01+00:00,115,,,0
"3LYJfcfHPXYJreMsASk2jkn69LWEYKzexbwallet: Binance-BTCB-ReserveBalance:68,200 BTC ($6,010,562,338) Ins:116 Outs:54",3LYJfcfH,68200.0,6010562338.0,0.3439,2019-06-17 11:52:41+00:00,2025-03-03 06:07:03+00:00,116,2022-11-18 03:36:20+00:00,2022-11-18 03:36:20+00:00,54
"1Ay8vMC7R1UbyCCZRVULMV7iQpHSAbguJPwallet: Mr.100 7d:+2256 BTC / 30d:+2944 BTCBalance:57,364 BTC ($5,055,580,811) Ins:1432 Outs:649",1Ay8vMC7,57364.0,5055580811.0,0.2892,2022-11-02 06:45:37+00:00,2025-03-07 05:01:07+00:00,1432,2022-11-02 10:42:08+00:00,2025-02-25 12:17:33+00:00,649
"bc1qcv8h9hp5w8c4qpze0a4tdxw6qjtvg8yps23k0g3aymxx7jlesv4q4t..6f65wallet: Kraken-coldwallet 7d:-655.46 BTC / 30d:-2782 BTCBalance:55,980 BTC ($4,933,580,286) Ins:163 Outs:64",bc1qcv8h,55980.0,4933580286.0,0.2823,2024-02-23 11:02:19+00:00,2025-03-06 21:12:02+00:00,163,2024-02-23 11:13:45+00:00,2025-03-06 19:53:20+00:00,64
"bc1qd4ysezhmypwty5dnw7c8nqy5h5nxg0xqsvaefd0qn5kq32vwnwqqgv..4rzr 30d:+6000 BTCBalance:55,000 BTC ($4,847,235,706) Ins:111 Outs:104",bc1qd4ys,55000.0,4847235706.0,0.2773,2021-10-11 12:39:15+00:00,2025-03-04 00:00:16+00:00,111,2022-07-15 15:51:57+00:00,2024-12-31 23:12:10+00:00,104
"1LdRcdxfbSnmCYYNdeYpUnztiYzVfBEQeCBalance:53,880 BTC ($4,748,525,814) Ins:200 Outs:0",1LdRcdxf,53880.0,4748525814.0,0.2717,2014-05-27 22:49:42+00:00,2025-02-26 09:28:01+00:00,200,,,0
"1AC4fMwgY8j9onSbXEWeH6Zan8QGMSdmtABalance:51,830 BTC ($4,567,886,055) Ins:142 Outs:0",1AC4fMwg,51830.0,4567886055.0,0.2613,2018-01-07 14:45:18+00:00,2025-02-26 09:28:01+00:00,142,,,0
"3PXBET2GrTwCamkeDzKCx8DeGDyrbuGKocwallet: Binance-coldwalletBalance:45,177 BTC ($3,981,546,670) Ins:16 Outs:0",3PXBET2G,45177.0,3981546670.0,0.2278,2024-08-27 09:29:35+00:00,2024-12-26 11:53:46+00:00,16,,,0
"1LruNZjwamWJXThX2Y8C2d47QqhAkkc5osBalance:44,000 BTC ($3,877,789,461) Ins:69 Outs:0",1LruNZjw,44000.0,3877789461.0,0.2219,2019-11-24 15:11:20+00:00,2025-02-26 09:28:01+00:00,69,,,0
"bc1qxu4nfkdf8a97mey8ke3npg3aggvskvvcdgndnvxn5upv7jypxdgs3m..hvvy 7d:+936.94 BTC / 30d:+2898 BTCBalance:43,841 BTC ($3,863,791,067) Ins:18 Outs:2",bc1qxu4n,43841.0,3863791067.0,0.2211,2024-12-10 20:52:04+00:00,2025-03-03 15:26:08+00:00,18,2024-12-17 18:09:32+00:00,2024-12-17 18:09:32+00:00,2
"bc1q4j7fcl8zx5yl56j00nkqez9zf3f6ggqchwzzcs5hjxwqhsgxvavq3q..fgprwallet: Coincheck 7d:+156.41 BTC / 30d:-3921 BTCBalance:41,699 BTC ($3,675,018,271) Ins:1540 Outs:1472",bc1q4j7f,41699.0,3675018271.0,0.2103,2024-02-02 04:05:46+00:00,2025-03-07 02:59:59+00:00,1540,2024-02-07 05:20:03+00:00,2025-03-06 03:32:56+00:00,1472
"bc1qa2eu6p5rl9255e3xz7fcgm6snn4wl5kdfh7zpt05qp5fad9dmsys0q..jg0e 7d:+2000 BTC / 30d:-16977 BTCBalance:41,194 BTC ($3,630,517,577) Ins:56 Outs:17",bc1qa2eu,41194.0,3630517577.0,0.2077,2024-06-30 06:59:39+00:00,2025-03-06 09:56:08+00:00,56,2024-07-02 04:07:21+00:00,2025-02-22 14:34:59+00:00,17
"3MgEAFWu1HKSnZ5ZsC8qf61ZW18xrP5pgdwallet: OKEx 7d:+702 BTC / 30d:+702 BTCBalance:40,371 BTC ($3,557,922,761) Ins:498 Outs:245",3MgEAFWu,40371.0,3557922761.0,0.2036,2022-12-16 01:48:57+00:00,2025-03-03 23:02:22+00:00,498,2022-12-21 00:31:18+00:00,2025-02-03 15:50:49+00:00,245
"3LQUu4v9z6KNch71j7kbj8GPeAGUo1FW6awallet: Binance-coldwalletBalance:37,927 BTC ($3,342,566,657) Ins:46 Outs:0",3LQUu4v9,37927.0,3342566657.0,0.1912,2021-10-24 15:14:53+00:00,2025-02-26 11:51:41+00:00,46,,,0
"bc1q7ydrtdn8z62xhslqyqtyt38mm4e2c4h3mxjkugwallet: UK-Gov-ConfiscatedBalance:36,000 BTC ($3,172,767,906) Ins:54 Outs:0",bc1q7ydr,36000.0,3172767906.0,0.1815,2021-07-27 13:54:25+00:00,2025-02-26 10:24:04+00:00,54,,,0
"bc1qk4m9zv5tnxf2pddd565wugsjrkqkfn90aa0wypj2530f4f7tjwrqnt..penswallet: BITMEX-coldwalletBalance:35,277 BTC ($3,109,034,722) Ins:85 Outs:3",bc1qk4m9,35277.0,3109034722.0,0.1779,2024-05-23 09:15:16+00:00,2024-12-26 11:53:46+00:00,85,2024-06-04 08:05:52+00:00,2024-06-19 09:02:55+00:00,3
"bc1q8taf2eca7pn9wu4czt8fgftqm288xtfxdyt33syzxuexxty733xssz..ghzk 30d:+5000 BTCBalance:35,000 BTC ($3,084,599,158) Ins:8 Outs:0",bc1q8taf,35000.0,3084599158.0,0.1765,2024-12-31 23:12:10+00:00,2025-02-28 06:48:08+00:00,8,,,0
"bc1qzwhw94uldd3c8736lsxrda6t6x56030f8zk8nr 30d:-900 BTCBalance:33,556 BTC ($2,957,379,992) Ins:51 Outs:45",bc1qzwhw,33556.0,2957379992.0,0.1692,2024-06-06 09:04:23+00:00,2025-02-22 18:44:04+00:00,51,2024-09-27 18:55:36+00:00,2025-02-17 11:28:04+00:00,45
"12XqeqZRVkBDgmPLVY4ZC6Y4ruUUEug8FxBalance:32,321 BTC ($2,848,495,313) Ins:59 Outs:10",12XqeqZR,32321.0,2848495313.0,0.163,2020-12-13 13:01:48+00:00,2025-02-26 10:24:04+00:00,59,2022-04-12 05:39:04+00:00,2022-04-23 12:41:04+00:00,10
"bc1qx9t2l3pyny2spqpqlye8svce70nppwtaxwdrp4wallet: Binance-PoolBalance:31,643 BTC ($2,788,777,412) Ins:4762 Outs:1",bc1qx9t2,31643.0,2788777412.0,0.1596,2020-05-12 00:57:43+00:00,2025-02-26 10:24:04+00:00,4762,2020-07-20 02:53:29+00:00,2020-07-20 02:53:29+00:00,1
"3FHNBLobJnbCTFTVakh5TXmEneyf5PT61Bwallet: Binance-coldwalletBalance:31,275 BTC ($2,756,340,732) Ins:46 Outs:0",3FHNBLob,31275.0,2756340732.0,0.1577,2021-07-26 14:25:53+00:00,2025-02-27 06:02:23+00:00,46,,,0
"12ib7dApVFvg82TXKycWBNpN8kFyiAN1drwallet: 967Balance:31,000 BTC ($2,732,080,097) Ins:184 Outs:4",12ib7dAp,31000.0,2732080097.0,0.1563,2010-05-13 08:22:38+00:00,2025-02-06 01:32:17+00:00,184,2010-06-02 10:57:07+00:00,2010-07-24 23:35:23+00:00,4
"12tkqA9xSoowkzoERHMWNKsTey55YEBqkvBalance:28,151 BTC ($2,480,992,399) Ins:166 Outs:0",12tkqA9x,28151.0,2480992399.0,0.1419,2010-04-05 22:47:07+00:00,2025-01-09 00:50:26+00:00,166,,,0
"3EMVdMehEq5SFipQ5UfbsfMsH223sSz9A9 4-of-8Balance:26,984 BTC ($2,378,097,225) Ins:87 Outs:59",3EMVdMeh,26984.0,2378097225.0,0.1361,2019-02-01 15:46:33+00:00,2025-02-07 10:20:46+00:00,87,2020-08-15 16:55:25+00:00,2025-01-14 13:14:14+00:00,59
"bc1q7uq3u829ahn22sdlpac0h0lurq3a9yfd3ew69f 7d:+392.14 BTC / 30d:+1549 BTCBalance:26,518 BTC ($2,337,077,158) Ins:19 Outs:4",bc1q7uq3,26518.0,2337077158.0,0.1337,2024-11-28 20:53:03+00:00,2025-03-06 08:42:35+00:00,19,2024-12-16 19:34:04+00:00,2024-12-16 19:34:04+00:00,4
"39eYrpgAgDhp4tTjrSb1ppZ5kdAc1ikBYwBalance:26,139 BTC ($2,303,700,652) Ins:15 Outs:2",39eYrpgA,26139.0,2303700652.0,0.1318,2023-12-07 12:47:21+00:00,2025-01-09 04:13:40+00:00,15,2024-03-14 13:30:52+00:00,2025-01-07 16:48:47+00:00,2
"17MWdxfjPYP2PYhdy885QtihfbW181r1rnBalance:24,495 BTC ($2,158,809,677) Ins:33 Outs:0",17MWdxfj,24495.0,2158809677.0,0.1235,2020-12-13 12:50:54+00:00,2025-01-09 04:13:40+00:00,33,,,0
"38UmuUqPCrFmQo4khkomQwZ4VbY2nZMJ67 2-of-6wallet: OKExBalance:24,067 BTC ($2,121,056,069) Ins:321 Outs:224",38UmuUqP,24067.0,2121056069.0,0.1213,2016-03-14 22:20:01+00:00,2025-01-27 00:09:24+00:00,321,2016-03-15 17:57:11+00:00,2023-05-25 18:20:29+00:00,224
"1N7jWmv63mkMdsYzbNUVHbEYDQfcq1u8YpBalance:24,052 BTC ($2,119,715,238) Ins:3 Outs:0",1N7jWmv6,24052.0,2119715238.0,0.1213,2024-12-05 02:45:54+00:00,2024-12-25 12:37:58+00:00,3,,,0
"19D5J8c59P2bAkWKvxSYw8scD3KUNWoZ1CBalance:23,969 BTC ($2,112,421,800) Ins:33 Outs:0",19D5J8c5,23969.0,2112421800.0,0.1209,2020-12-13 11:33:04+00:00,2025-01-09 04:13:40+00:00,33,,,0
"15cHRgVrGKz7qp2JL2N5mkB2MCFGLcnHxvBalance:23,375 BTC ($2,060,072,318) Ins:53 Outs:2",15cHRgVr,23375.0,2060072318.0,0.1179,2022-06-16 19:42:33+00:00,2025-01-28 02:55:56+00:00,53,2022-06-18 06:39:06+00:00,2022-06-18 06:39:06+00:00,2
"3JZq4atUahhuA9rLhXLMhhTo133J9rF97jwallet: Bitfinex-coldwallet 30d:+5618 BTCBalance:21,863 BTC ($1,926,795,908) Ins:5414 Outs:5401",3JZq4atU,21863.0,1926795908.0,0.1102,2018-11-02 20:14:44+00:00,2025-02-28 11:53:03+00:00,5414,2018-11-04 16:08:55+00:00,2025-02-26 21:58:21+00:00,5401
"bc1qm34lsc65zpw79lxes69zkqmk6ee3ewf0j77s3hwallet: Binance-wallet 7d:+4880 BTC / 30d:+4961 BTCBalance:21,092 BTC ($1,858,873,640) Ins:1904917 Outs:1904405",bc1qm34l,21092.0,1858873640.0,0.1063,2021-10-08 07:14:44+00:00,2025-03-07 05:01:07+00:00,1904917,2021-10-12 07:03:37+00:00,2025-03-07 05:01:07+00:00,1904405
"bc1qr4dl5wa7kl8yu792dceg9z5knl2gkn220lk7a9wallet: Crypto.com-coldwallet 7d:-65.7 BTC / 30d:-449.42 BTCBalance:20,419 BTC ($1,799,513,591) Ins:45530 Outs:44331",bc1qr4dl,20419.0,1799513591.0,0.103,2022-03-04 09:50:52+00:00,2025-03-07 04:55:16+00:00,45530,2022-03-04 10:15:56+00:00,2025-03-06 17:29:45+00:00,44331
"3HfD4pvF43jdu9dzVMEr1b8AnDHooRGc5t 3-of-9wallet: 107121673Balance:20,271 BTC ($1,786,555,274) Ins:19 Outs:4",3HfD4pvF,20271.0,1786555274.0,0.1022,2023-01-13 17:52:31+00:00,2025-01-09 04:13:40+00:00,19,2024-01-03 16:49:45+00:00,2025-01-02 17:22:49+00:00,4
"17rm2dvb439dZqyMe2d4D6AQJSgg6yeNRnBalance:20,008 BTC ($1,763,333,352) Ins:84 Outs:1",17rm2dvb,20008.0,1763333352.0,0.1009,2017-03-28 13:59:19+00:00,2025-01-09 04:13:40+00:00,84,2017-03-28 14:04:55+00:00,2017-03-28 14:04:55+00:00,1
"1PeizMg76Cf96nUQrYg8xuoZWLQozU5zGWBalance:19,414 BTC ($1,711,021,121) Ins:121 Outs:0",1PeizMg7,19414.0,1711021121.0,0.09789,2010-07-24 12:16:11+00:00,2025-01-29 04:30:26+00:00,121,,,0
"bc1qk7fy6qumtdkjy765ujxqxe0my55ake0zefa2dmt6sjx2sr098d8qf2..6ufnwallet: River 7d:+319.91 BTC / 30d:+1060 BTCBalance:19,296 BTC ($1,700,564,630) Ins:237 Outs:46",bc1qk7fy,19296.0,1700564630.0,0.09729,2023-11-26 22:18:31+00:00,2025-03-06 21:44:48+00:00,237,2023-11-30 08:35:25+00:00,2025-03-05 02:53:55+00:00,46
"bc1qx2x5cqhymfcnjtg902ky6u5t5htmt7fvqztdsm028hkrvxcl4t2sjt..pd9lwallet: Bitbank-coldwallet 7d:+149.83 BTC / 30d:+295.23 BTCBalance:18,689 BTC ($1,647,052,115) Ins:4359 Outs:4329",bc1qx2x5,18689.0,1647052115.0,0.09423,2022-07-22 06:56:15+00:00,2025-03-07 04:28:18+00:00,4359,2022-07-23 05:13:17+00:00,2025-03-07 04:28:18+00:00,4329
"bc1qlt5nm3kflne7rht4alsnzdzad878ld5rcu4na0 7d:-155.11 BTC / 30d:+14.33 BTCBalance:17,663 BTC ($1,556,638,346) Ins:4843 Outs:242",bc1qlt5n,17663.0,1556638346.0,0.08906,2024-10-14 02:46:59+00:00,2025-03-07 04:55:16+00:00,4843,2024-10-17 14:20:10+00:00,2025-03-05 14:28:15+00:00,242
"3FuhQLprN9s9MR3bZzR5da7mw75fuahsaU 7d:+1555 BTC / 30d:+4673 BTCBalance:17,407 BTC ($1,534,097,058) Ins:514 Outs:10",3FuhQLpr,17407.0,1534097058.0,0.08777,2024-11-22 13:20:41+00:00,2025-03-07 02:41:38+00:00,514,2024-11-22 13:21:32+00:00,2025-01-31 12:26:33+00:00,10
"33Z2C8wLHsVJxoPudpBDHQ9yz4nHCgVseQBalance:16,825 BTC ($1,482,814,932) Ins:1 Outs:0",33Z2C8wL,16825.0,1482814932.0,0.08483,2025-01-25 03:32:47+00:00,2025-01-25 03:32:47+00:00,1,,,0
"bc1q32lyrhp9zpww22phqjwwmelta0c8a5q990ghs6wallet: Ceffu-coldwallet 7d:-3309 BTC / 30d:-1932 BTCBalance:16,648 BTC ($1,467,198,052) Ins:303 Outs:134",bc1q32ly,16648.0,1467198052.0,0.08394,2024-01-10 11:21:01+00:00,2025-03-05 09:20:25+00:00,303,2024-01-18 03:43:32+00:00,2025-03-05 09:20:25+00:00,134
"34HpHYiyQwg69gFmCq2BGHjF1DZnZnBeBPwallet: Binance-coldwalletBalance:16,307 BTC ($1,437,126,146) Ins:24 Outs:0",34HpHYiy,16307.0,1437126146.0,0.08222,2021-10-22 20:49:49+00:00,2025-02-23 12:09:37+00:00,24,,,0
"bc1q6qphr80zug3v37xf503a7atzfn3au2fz0dy9ekwallet: 107742608 7d:-23.12 BTC / 30d:-164.12 BTCBalance:15,971 BTC ($1,407,526,605) Ins:31794 Outs:31773",bc1q6qph,15971.0,1407526605.0,0.08053,2024-06-29 00:46:10+00:00,2025-03-07 05:01:07+00:00,31794,2024-08-14 02:12:01+00:00,2025-03-07 02:41:38+00:00,31773
"1GR9qNz7zgtaW5HwwVpEJWMnGWhsbsieCGBalance:15,746 BTC ($1,387,678,296) Ins:82 Outs:1",1GR9qNz7,15746.0,1387678296.0,0.07939,2018-01-22 17:05:59+00:00,2025-01-09 04:13:40+00:00,82,2018-01-22 22:14:04+00:00,2018-01-22 22:14:04+00:00,1
"bc1qchctnvmdva5z9vrpxkkxck64v7nmzdtyxsrq64wallet: BitMEX 7d:-656.76 BTC / 30d:-551.83 BTCBalance:15,236 BTC ($1,342,787,565) Ins:682 Outs:680",bc1qchct,15236.0,1342787565.0,0.07682,2023-10-31 06:13:50+00:00,2025-03-07 01:31:49+00:00,682,2024-01-26 10:33:19+00:00,2025-03-06 09:10:34+00:00,680
"1CNtkWbb4grh8xtb8mhoZ6armNE9PHgzA8 30d:+20.64 BTCBalance:14,572 BTC ($1,284,277,281) Ins:119 Outs:6",1CNtkWbb,14572.0,1284277281.0,0.07348,2023-01-13 05:39:56+00:00,2025-02-26 08:00:00+00:00,119,2023-01-13 05:52:56+00:00,2024-08-09 11:18:44+00:00,6
"bc1q72nyp6mzxjxm02j7t85pg0pq24684zdj2wuweuBalance:13,764 BTC ($1,213,035,027) Ins:4 Outs:3",bc1q72ny,13764.0,1213035027.0,0.0694,2024-12-30 21:19:38+00:00,2025-01-13 22:28:55+00:00,4,2025-01-13 22:28:55+00:00,2025-01-13 22:28:55+00:00,3
"1PJiGp2yDLvUgqeBsuZVCBADArNsk6XEiwwallet: Binance-coldwallet 30d:+462 BTCBalance:13,159 BTC ($1,159,721,758) Ins:86 Outs:31",1PJiGp2y,13159.0,1159721758.0,0.06635,2023-12-21 07:02:55+00:00,2025-02-25 08:15:35+00:00,86,2023-12-26 06:16:18+00:00,2025-02-25 08:15:35+00:00,31
"bc1p3nmr2yzmgaml07lx7n3ehe8a2uvu2nrqfrqx8leqt562t4dnm8tsqx..mpytBalance:13,129 BTC ($1,157,077,210) Ins:36 Outs:0",bc1p3nmr,13129.0,1157077210.0,0.0662,2024-10-08 18:07:09+00:00,2024-12-29 09:18:33+00:00,36,,,0
"bc1q4vxn43l44h30nkluqfxd9eckf45vr2awz38lwawallet: UK-Gov-ConfiscatedBalance:13,003 BTC ($1,145,974,635) Ins:26 Outs:0",bc1q4vxn,13003.0,1145974635.0,0.06556,2021-07-27 13:39:28+00:00,2025-01-18 04:04:31+00:00,26,,,0
"3FM9vDYsN2iuMPKWjAcqgyahdwdrUxhbJ3wallet: OKEx 7d:-183.83 BTC / 30d:-346.46 BTCBalance:12,678 BTC ($1,117,317,779) Ins:222 Outs:138",3FM9vDYs,12678.0,1117317779.0,0.06392,2024-01-05 18:09:57+00:00,2025-03-06 22:41:00+00:00,222,2024-03-01 22:58:54+00:00,2025-03-06 22:41:00+00:00,138
"3D6kjgsypiAnGY7E1XHDQXapW4whUWaH1H 7d:+13.4 BTC / 30d:-236.61 BTCBalance:12,523 BTC ($1,103,701,341) Ins:87 Outs:7",3D6kjgsy,12523.0,1103701341.0,0.06314,2023-12-12 20:37:30+00:00,2025-03-05 08:14:40+00:00,87,2025-01-07 21:35:18+00:00,2025-02-25 19:39:31+00:00,7
"bc1qkmk4v2xn29yge68fq6zh7gvfdqrvpq3v3p3y0swallet: Bitfinex-Hack-RecoveryBalance:12,267 BTC ($1,081,109,994) Ins:7 Outs:0",bc1qkmk4,12267.0,1081109994.0,0.06185,2024-02-28 19:31:56+00:00,2025-01-14 20:25:15+00:00,7,,,0
"32retgqZViwtgbaJJYDMMVop9J55G3w6cCwallet: Kraken-wallet 7d:+520.34 BTC / 30d:+4018 BTCBalance:11,998 BTC ($1,057,386,534) Ins:17967 Outs:17535",32retgqZ,11998.0,1057386534.0,0.0605,2023-02-22 23:00:49+00:00,2025-03-07 04:55:16+00:00,17967,2023-02-23 01:01:24+00:00,2025-03-07 04:40:43+00:00,17535
"bc1qcpflj68s3ahy4xajez4d8v3vk28pvf7qte2jmlftvxzfke2u6mqsge..3gvh 30d:-11846 BTCBalance:11,908 BTC ($1,049,504,575) Ins:220 Outs:219",bc1qcpfl,11908.0,1049504575.0,0.06004,2024-03-01 14:00:24+00:00,2025-02-25 22:39:21+00:00,220,2024-04-24 09:42:47+00:00,2025-02-25 22:39:21+00:00,219
"1Mo1nW5ZM5m2tx9qMsYm2YJxGn3TeS9gR9 7d:+11834 BTC / 30d:+11834 BTCBalance:11,834 BTC ($1,042,915,607) Ins:1 Outs:0",1Mo1nW5Z,11834.0,1042915607.0,0.05967,2025-03-06 00:03:17+00:00,2025-03-06 00:03:17+00:00,1,,,0
"39gUvGynQ7Re3i15G3J2gp9DEB9LnLFPMNBalance:11,262 BTC ($992,549,888) Ins:361 Outs:311",39gUvGyn,11262.0,992549888.0,0.05679,2021-02-24 13:55:08+00:00,2025-02-24 08:46:00+00:00,361,2021-06-29 12:40:38+00:00,2025-02-24 08:46:00+00:00,311
"1F34duy2eeMz5mSrvFepVzy7Y1rBsnAyWCBalance:10,771 BTC ($949,222,478) Ins:108 Outs:0",1F34duy2,10771.0,949222478.0,0.05431,2011-08-08 22:14:47+00:00,2025-01-28 01:14:50+00:00,108,,,0
"bc1q7t9fxfaakmtk8pj7tdxjvwsng6y9x76czuaf5hwallet: Binance-coldwalletBalance:10,650 BTC ($938,599,492) Ins:8 Outs:1",bc1q7t9f,10650.0,938599492.0,0.0537,2024-03-01 10:14:40+00:00,2025-02-28 01:04:44+00:00,8,2024-03-05 03:59:10+00:00,2024-03-05 03:59:10+00:00,1
"bc1qxlth5har0qasqvattsjvgp80st2x402u5shuudBalance:10,500 BTC ($925,380,262) Ins:10 Outs:0",bc1qxlth,10500.0,925380262.0,0.05294,2024-06-22 03:04:19+00:00,2025-01-19 02:00:52+00:00,10,,,0
"1Pzaqw98PeRfyHypfqyEgg5yycJRsENrE7wallet: Binance-coldwallet 7d:-5050 BTC / 30d:-5562 BTCBalance:10,402 BTC ($916,732,154) Ins:145 Outs:106",1Pzaqw98,10402.0,916732154.0,0.05245,2023-06-19 09:30:18+00:00,2025-03-06 16:05:04+00:00,145,2023-06-19 09:54:17+00:00,2025-03-06 16:05:04+00:00,106
"1Q8QR5k32hexiMQnRgkJ6fmmjn5fMWhdv9wallet: Binance-PoolBalance:10,217 BTC ($900,413,936) Ins:1609 Outs:0",1Q8QR5k3,10217.0,900413936.0,0.05151,2021-08-12 04:31:43+00:00,2025-01-28 07:26:42+00:00,1609,,,0
"bc1qhk0ghcywv0mlmcmz408sdaxudxuk9tvng9xx8gwallet: 92995586 7d:+1725 BTC / 30d:+2732 BTCBalance:10,077 BTC ($888,101,011) Ins:487 Outs:465",bc1qhk0g,10077.0,888101011.0,0.05081,2022-07-20 22:35:12+00:00,2025-03-05 22:17:02+00:00,487,2022-09-16 17:41:58+00:00,2025-01-31 00:39:43+00:00,465
"1f1miYFQWTzdLiCBxtHHnNiW7WAWPUccrBalance:10,009 BTC ($882,130,439) Ins:87 Outs:0",1f1miYFQ,10009.0,882130439.0,0.05047,2011-05-04 02:10:49+00:00,2025-01-27 18:29:28+00:00,87,,,0
"bc1qsxdxm0exqdsmnl9ejrz250xqxrxpxkgf5nhhtqBalance:10,002 BTC ($881,467,627) Ins:22 Outs:0",bc1qsxdx,10002.0,881467627.0,0.05043,2021-08-14 04:37:58+00:00,2025-03-03 13:41:33+00:00,22,,,0
"1BAFWQhH9pNkz3mZDQ1tWrtKkSHVCkc3fVBalance:10,000 BTC ($881,320,961) Ins:55 Outs:0",1BAFWQhH,10000.0,881320961.0,0.05042,2011-05-04 02:01:23+00:00,2025-01-28 07:27:07+00:00,55,,,0
"14YK4mzJGo5NKkNnmVJeuEAQftLt795GecBalance:10,000 BTC ($881,317,196) Ins:67 Outs:0",14YK4mzJ,10000.0,881317196.0,0.05042,2011-05-04 01:40:51+00:00,2025-01-28 07:26:42+00:00,67,,,0
"1Ki3WTEEqTLPNsN5cGTsMkL2sJ4m5mdCXTBalance:10,000 BTC ($881,316,270) Ins:50 Outs:0",1Ki3WTEE,10000.0,881316270.0,0.05042,2017-10-16 23:18:28+00:00,2025-01-28 07:27:07+00:00,50,,,0
"1KbrSKrT3GeEruTuuYYUSQ35JwKbrAWJYmBalance:10,000 BTC ($881,315,532) Ins:75 Outs:0",1KbrSKrT,10000.0,881315532.0,0.05042,2011-04-02 22:18:45+00:00,2025-01-28 03:11:55+00:00,75,,,0
"1P1iThxBH542Gmk1kZNXyji4E4iwpvSbrtBalance:10,000 BTC ($881,315,176) Ins:60 Outs:0",1P1iThxB,10000.0,881315176.0,0.05042,2011-05-04 01:14:27+00:00,2025-01-28 07:26:42+00:00,60,,,0
"12tLs9c9RsALt4ockxa1hB4iTCTSmxj2meBalance:10,000 BTC ($881,315,047) Ins:59 Outs:0",12tLs9c9,10000.0,881315047.0,0.05042,2011-04-02 21:08:32+00:00,2025-01-27 18:29:28+00:00,59,,,0
"1ucXXZQSEf4zny2HRwAQKtVpkLPTUKRttBalance:10,000 BTC ($881,314,986) Ins:51 Outs:0",1ucXXZQS,10000.0,881314986.0,0.05042,2011-05-04 02:01:23+00:00,2025-01-27 18:29:28+00:00,51,,,0
"1DzsfLRDfbmQM99xm59au2SrTY3YmciBSBBalance:10,000 BTC ($881,314,973) Ins:19 Outs:1",1DzsfLRD,10000.0,881314973.0,0.05042,2022-11-02 07:24:29+00:00,2025-03-05 21:08:29+00:00,19,2022-11-02 10:42:08+00:00,2022-11-02 10:42:08+00:00,1
"1CPaziTqeEixPoSFtJxu74uDGbpEAotZomBalance:10,000 BTC ($881,314,957) Ins:49 Outs:0",1CPaziTq,10000.0,881314957.0,0.05042,2011-05-04 01:28:05+00:00,2025-01-28 07:27:07+00:00,49,,,0
"1GUfWdZQoo2pQ4BKHsiegxuZPnheY5ueTmBalance:10,000 BTC ($881,314,795) Ins:15 Outs:1",1GUfWdZQ,10000.0,881314795.0,0.05042,2022-11-02 08:04:11+00:00,2025-01-28 07:27:07+00:00,15,2022-11-02 10:42:08+00:00,2022-11-02 10:42:08+00:00,1
"12HnxiXEeKUVjQRbMVTytsGWnzHd5LdGCtBalance:10,000 BTC ($881,314,716) Ins:16 Outs:1",12HnxiXE,10000.0,881314716.0,0.05042,2022-11-02 07:58:12+00:00,2025-01-28 03:11:55+00:00,16,2022-11-02 10:42:08+00:00,2022-11-02 10:42:08+00:00,1
"17uULjz9moeLyjXHoKNwDRgKzf8ahY3JiaBalance:10,000 BTC ($881,314,710) Ins:16 Outs:1",17uULjz9,10000.0,881314710.0,0.05042,2022-11-02 07:58:12+00:00,2025-01-28 07:26:42+00:00,16,2022-11-02 10:42:08+00:00,2022-11-02 10:42:08+00:00,1
"18qNs1yBGGKR8RyErnEF5kegbNUgPfixhSBalance:10,000 BTC ($881,314,666) Ins:14 Outs:1",18qNs1yB,10000.0,881314666.0,0.05042,2022-11-02 08:04:11+00:00,2025-01-27 14:10:18+00:00,14,2022-11-02 10:42:08+00:00,2022-11-02 10:42:08+00:00,1
"1DP3VYwN6ozHXDDaETbvNFLd86CAXfaewiBalance:10,000 BTC ($881,314,564) Ins:13 Outs:1",1DP3VYwN,10000.0,881314564.0,0.05042,2022-11-02 07:37:26+00:00,2025-01-28 07:26:42+00:00,13,2022-11-02 10:42:08+00:00,2022-11-02 10:42:08+00:00,1
"1MewpRkpcbFdqamPPYc1bXa9AJ189SuccyBalance:10,000 BTC ($881,314,554) Ins:12 Outs:1",1MewpRkp,10000.0,881314554.0,0.05042,2022-11-02 06:45:37+00:00,2025-01-27 05:13:01+00:00,12,2022-11-02 10:42:08+00:00,2022-11-02 10:42:08+00:00,1
"1MtUMTqtdrpT6Rar5fgWoyrzAevatssej5Balance:10,000 BTC ($881,314,553) Ins:13 Outs:1",1MtUMTqt,10000.0,881314553.0,0.05042,2022-11-02 07:24:29+00:00,2025-01-27 05:29:42+00:00,13,2022-11-02 10:42:08+00:00,2022-11-02 10:42:08+00:00,1
"1NhJGUJu8rrTwPS4vopsdTqqcK4nAwdLwJBalance:10,000 BTC ($881,314,551) Ins:12 Outs:1",1NhJGUJu,10000.0,881314551.0,0.05042,2022-11-02 07:37:26+00:00,2025-01-28 07:26:42+00:00,12,2022-11-02 10:42:08+00:00,2022-11-02 10:42:08+00:00,1
"1H2MXWiSniAgg7ykdXEzPHL6oTH1ic4kPBalance:10,000 BTC ($881,314,334) Ins:15 Outs:1",1H2MXWiS,10000.0,881314334.0,0.05042,2022-11-02 06:32:43+00:00,2025-01-28 07:26:42+00:00,15,2022-11-02 07:24:29+00:00,2022-11-02 07:24:29+00:00,1
"1DcT5Wij5tfb3oVViF8mA8p4WrG98ahZPTwallet: OKXBalance:10,000 BTC ($881,314,073) Ins:36 Outs:0",1DcT5Wij,10000.0,881314073.0,0.05042,2020-01-18 06:10:51+00:00,2025-02-24 16:49:52+00:00,36,,,0
"1JQULE6yHr9UaitLr4wahTwJN7DaMX7W1Zwallet: OKXBalance:10,000 BTC ($881,314,063) Ins:32 Outs:0",1JQULE6y,10000.0,881314063.0,0.05042,2020-01-18 06:10:51+00:00,2025-02-25 00:24:22+00:00,32,,,0
"1CY7fykRLWXeSbKB885Kr4KjQxmDdvW923wallet: OKXBalance:10,000 BTC ($881,314,059) Ins:33 Outs:0",1CY7fykR,10000.0,881314059.0,0.05042,2020-01-18 06:10:51+00:00,2025-02-16 11:00:14+00:00,33,,,0
"bc1q8vwsnzvy4fudzx9lyktpgu3pza34yqrdfnemc2Balance:9,907 BTC ($873,154,868) Ins:7 Outs:0",bc1q8vws,9907.0,873154868.0,0.04995,2024-11-11 22:14:53+00:00,2025-01-10 00:58:14+00:00,7,,,0
"bc1qxkhwkn623l5lg4rx9vx8cujmleaga0eg6wc7p6Balance:9,800 BTC ($863,687,074) Ins:6 Outs:0",bc1qxkhw,9800.0,863687074.0,0.04941,2024-12-02 16:34:08+00:00,2025-03-07 02:13:33+00:00,6,,,0
"39DUz1NCkLu25GczWiAjjgZBu4mUjKbdNABalance:9,757 BTC ($859,903,619) Ins:4 Outs:0",39DUz1NC,9757.0,859903619.0,0.0492,2023-03-01 06:42:07+00:00,2024-12-26 05:37:48+00:00,4,,,0
"bc1qvpgyac88vqtslewxu7yu9dqwp8rd83zch55zpm3xgn3mgg72w3kqv0..s8qawallet: 74771965 30d:+600 BTCBalance:9,680 BTC ($853,112,030) Ins:163 Outs:154",bc1qvpgy,9680.0,853112030.0,0.04881,2021-01-12 09:55:02+00:00,2025-02-25 10:29:13+00:00,163,2021-03-25 21:28:25+00:00,2024-12-19 21:52:22+00:00,154
"bc1qd46j77pkp5vdxraf8tw5l6xs36dlygdx2rt9lyBalance:9,500 BTC ($837,771,080) Ins:8 Outs:0",bc1qd46j,9500.0,837771080.0,0.0479,2024-06-27 17:41:30+00:00,2025-01-14 20:29:53+00:00,8,,,0
"3GPAWK5aUB5Ve9akvTzZgp69USjgbhFbay 2-of-3wallet: 78163677Balance:9,490 BTC ($836,906,373) Ins:965 Outs:729",3GPAWK5a,9490.0,836906373.0,0.04785,2021-04-07 06:56:10+00:00,2025-03-06 21:09:37+00:00,965,2021-04-08 21:05:14+00:00,2025-02-26 10:32:50+00:00,729
"1P9fAFAsSLRmMu2P7wZ5CXDPRfLSWTy9N8Balance:9,425 BTC ($831,137,624) Ins:38 Outs:0",1P9fAFAs,9425.0,831137624.0,0.04752,2017-10-15 22:32:51+00:00,2025-01-28 03:11:55+00:00,38,,,0
"33eU1zeB2S4x3p4ccSsnAChXcGJgtMrMtZwallet: 82375777Balance:9,363 BTC ($825,697,126) Ins:25 Outs:1",33eU1zeB,9363.0,825697126.0,0.04721,2019-10-07 07:22:01+00:00,2024-12-27 01:57:46+00:00,25,2021-12-19 16:57:45+00:00,2021-12-19 16:57:45+00:00,1
"1HLvaTs3zR3oev9ya7Pzp3GB9Gqfg6XYJTBalance:9,260 BTC ($816,607,513) Ins:92 Outs:0",1HLvaTs3,9260.0,816607513.0,0.04669,2010-03-18 13:37:36+00:00,2025-01-28 07:27:07+00:00,92,,,0
"bc1qukqenm2t85dhdta9glqehllglxznsu4qyxn079Balance:9,112 BTC ($803,546,478) Ins:5 Outs:0",bc1qukqe,9112.0,803546478.0,0.04594,2024-07-05 16:15:59+00:00,2025-01-18 04:23:06+00:00,5,,,0
"bc1qffyax9rrxmqyq8xwjkzrrqwqjp3ppz5a4665f9Balance:9,099 BTC ($802,408,283) Ins:5 Outs:0",bc1qffya,9099.0,802408283.0,0.04588,2024-07-09 15:54:36+00:00,2025-01-13 01:24:01+00:00,5,,,0
"167ZWTT8n6s4ya8cGjqNNQjDwDGY31vmHgBalance:8,999 BTC ($793,589,951) Ins:56 Outs:0",167ZWTT8,8999.0,793589951.0,0.04537,2010-08-09 21:35:11+00:00,2025-01-28 07:27:07+00:00,56,,,0
"39wVd42giU95ca39sEPkbPTpWygvsBDuA5wallet: OKExBalance:8,978 BTC ($791,735,092) Ins:22 Outs:16",39wVd42g,8978.0,791735092.0,0.04527,2023-03-21 21:39:23+00:00,2025-03-04 22:25:58+00:00,22,2023-03-23 21:37:43+00:00,2025-03-04 22:25:58+00:00,16
"3FupZp77ySr7jwoLYEJ9mwzJpvoNBXsBnEwallet: OKExBalance:8,852 BTC ($780,618,485) Ins:1230 Outs:1178",3FupZp77,8852.0,780618485.0,0.04463,2021-02-17 18:32:22+00:00,2025-03-07 03:21:46+00:00,1230,2021-04-20 21:27:40+00:00,2025-03-04 22:25:58+00:00,1178
"143gLvWYUojXaWZRrxquRKpVNTkhmr415Bwallet: Huobi-coldwalletBalance:8,711 BTC ($768,157,011) Ins:457 Outs:188",143gLvWY,8711.0,768157011.0,0.04392,2019-11-01 19:09:34+00:00,2025-03-04 22:20:38+00:00,457,2019-11-01 23:34:32+00:00,2025-03-03 07:26:41+00:00,188
"3CybbwzZmteP8gSwk5c7r8jirMziPVGkqwBalance:8,611 BTC ($759,378,070) Ins:6 Outs:0",3CybbwzZ,8611.0,759378070.0,0.04342,2024-07-05 16:15:59+00:00,2025-01-12 23:46:56+00:00,6,,,0
"187zSqAYwMKJAxWdWQ4fmp5DyT6G2NPgD7Balance:8,539 BTC ($753,067,462) Ins:4 Outs:0",187zSqAY,8539.0,753067462.0,0.04306,2022-06-25 10:59:26+00:00,2024-12-27 01:59:02+00:00,4,,,0
"3NWndKFmvV6cJ6ENgXVeaDTo3mBfAvr27H 3-of-8Balance:8,471 BTC ($746,993,863) Ins:3504 Outs:3462",3NWndKFm,8471.0,746993863.0,0.04271,2019-02-01 15:46:33+00:00,2025-03-06 15:20:22+00:00,3504,2019-02-13 16:21:19+00:00,2025-02-27 12:15:59+00:00,3462
"bc1q5xm6ph5z8vryeqz8xq068wetcxkj97zajk8nn5wallet: 110271382Balance:8,427 BTC ($743,146,780) Ins:3 Outs:2",bc1q5xm6,8427.0,743146780.0,0.04249,2024-12-21 22:38:37+00:00,2025-01-26 08:49:19+00:00,3,2025-01-03 18:43:51+00:00,2025-01-31 17:38:15+00:00,2
"3JfjvpikkxqfhW862ve1Ec6wZNkKcE8nLLBalance:8,369 BTC ($738,021,375) Ins:1 Outs:0",3Jfjvpik,8369.0,738021375.0,0.0422,2025-01-22 03:55:42+00:00,2025-01-22 03:55:42+00:00,1,,,0
"1Cr7EjvS8C7gfarREHCvFhd9gT3r46pfLbBalance:8,300 BTC ($731,932,269) Ins:79 Outs:13",1Cr7EjvS,8300.0,731932269.0,0.04185,2018-01-07 12:57:49+00:00,2025-02-06 03:24:01+00:00,79,2019-10-11 08:09:16+00:00,2025-02-06 03:17:32+00:00,13
"1MwQyJLNerHPVMTQXKAbQrnwF9VortvuAfBalance:8,150 BTC ($718,719,098) Ins:2 Outs:0",1MwQyJLN,8150.0,718719098.0,0.04109,2022-08-10 15:49:24+00:00,2024-12-27 01:59:02+00:00,2,,,0
"1GcPTDtNXuPghJU5qSGvkPQ99nhWrbQaYRBalance:8,022 BTC ($707,433,546) Ins:63 Outs:0",1GcPTDtN,8022.0,707433546.0,0.04045,2020-09-04 03:45:03+00:00,2024-12-27 02:17:03+00:00,63,,,0
"1GaSQcWg3R98qf5sTWetwjjMh6ehxj25GpBalance:8,022 BTC ($707,433,546) Ins:62 Outs:0",1GaSQcWg,8022.0,707433546.0,0.04045,2020-06-03 11:59:14+00:00,2024-12-27 02:17:03+00:00,62,,,0
"1LjUYdf8mQk9DsrVvuPYeHyJKQq5V1MLsTBalance:8,022 BTC ($707,433,546) Ins:70 Outs:0",1LjUYdf8,8022.0,707433546.0,0.04045,2020-03-20 15:00:46+00:00,2024-12-27 02:17:03+00:00,70,,,0
"1MH8s3qc4F2GZNod1R43qeysSB2ssZCXbBalance:8,022 BTC ($707,433,546) Ins:62 Outs:0",1MH8s3qc,8022.0,707433546.0,0.04045,2020-08-10 11:44:27+00:00,2024-12-27 02:05:21+00:00,62,,,0
"12T7nyMrAnd13UAMYCCJZ8Fw7PpMGPRFsiBalance:8,022 BTC ($707,433,546) Ins:67 Outs:0",12T7nyMr,8022.0,707433546.0,0.04045,2020-05-11 14:46:13+00:00,2024-12-27 02:05:21+00:00,67,,,0
"13AiVabLoTcYTdaFcFYtpFFmCFagjiUwE2Balance:8,022 BTC ($707,433,546) Ins:62 Outs:0",13AiVabL,8022.0,707433546.0,0.04045,2020-08-06 20:06:24+00:00,2024-12-27 02:06:54+00:00,62,,,0
"1GBzbXJmcMjnDyTW2yKJFfeXUGicG1zpC4Balance:8,022 BTC ($707,433,546) Ins:66 Outs:0",1GBzbXJm,8022.0,707433546.0,0.04045,2020-04-28 09:26:08+00:00,2024-12-27 02:17:03+00:00,66,,,0
"18zuLTKQnLjp987LdxuYvjekYnNAvXif2bBalance:8,021 BTC ($707,316,809) Ins:34 Outs:0",18zuLTKQ,8021.0,707316809.0,0.04044,2013-04-25 00:16:44+00:00,2024-12-27 02:17:03+00:00,34,,,0
"3PWn1AGqo8HWH8mXSsxx1Ytk87zMAAziFUBalance:8,000 BTC ($705,493,781) Ins:14 Outs:0",3PWn1AGq,8000.0,705493781.0,0.04034,2019-02-16 15:38:50+00:00,2024-12-27 02:17:03+00:00,14,,,0
"198aMn6ZYAczwrE5NvNTUMyJ5qkfy4g3HiBalance:8,000 BTC ($705,491,766) Ins:82 Outs:0",198aMn6Z,8000.0,705491766.0,0.04034,2009-02-22 10:50:53+00:00,2025-02-23 21:51:24+00:00,82,,,0
"18f6y4uWnLd7VPzfR2c1dMboihghXYHRH3Balance:8,000 BTC ($705,491,368) Ins:62 Outs:0",18f6y4uW,8000.0,705491368.0,0.04034,2020-05-08 19:01:11+00:00,2024-12-27 02:17:03+00:00,62,,,0
"17wADqWPK8wZfpRmPkauviq2VDBmhm82rMBalance:8,000 BTC ($705,491,195) Ins:62 Outs:0",17wADqWP,8000.0,705491195.0,0.04034,2020-03-14 08:51:28+00:00,2024-12-27 02:17:03+00:00,62,,,0
"1EUgoa25tkqMUYh7PXzDfqqNP5PtHKZmctBalance:8,000 BTC ($705,491,194) Ins:56 Outs:0",1EUgoa25,8000.0,705491194.0,0.04034,2020-03-13 21:31:57+00:00,2024-12-27 02:17:03+00:00,56,,,0
"1AfHER73jneZAEAHNiz5dBKnrzeWcMJM5iBalance:8,000 BTC ($705,491,194) Ins:54 Outs:0",1AfHER73,8000.0,705491194.0,0.04034,2020-06-12 18:15:32+00:00,2024-12-27 02:17:03+00:00,54,,,0
"1NJdqNoC7uPh7MqQhyEynRn9htstEELZDnBalance:8,000 BTC ($705,491,194) Ins:65 Outs:0",1NJdqNoC,8000.0,705491194.0,0.04034,2020-05-06 20:51:08+00:00,2024-12-27 02:17:03+00:00,65,,,0
"15TbabdR3FKJMpRxDeEetezWKGJwdGXbTYBalance:8,000 BTC ($705,491,194) Ins:68 Outs:0",15TbabdR,8000.0,705491194.0,0.04034,2020-04-22 19:06:24+00:00,2024-12-27 02:17:03+00:00,68,,,0
"1LuEe5Xkf1eA493SvsKwjPTS9RkW9JV9N2Balance:8,000 BTC ($705,491,194) Ins:63 Outs:0",1LuEe5Xk,8000.0,705491194.0,0.04034,2020-08-07 19:18:04+00:00,2024-12-27 02:17:03+00:00,63,,,0
"1Ja7G9JJRw8w8WWnMzw7PwYehhiZmhESkCBalance:8,000 BTC ($705,491,194) Ins:66 Outs:0",1Ja7G9JJ,8000.0,705491194.0,0.04034,2020-07-08 17:13:45+00:00,2024-12-27 02:17:03+00:00,66,,,0
"1CptxmzfRyU2rF3VJ6q8wa2tkh3cm82p9PBalance:8,000 BTC ($705,491,193) Ins:60 Outs:0",1Cptxmzf,8000.0,705491193.0,0.04034,2020-09-13 15:16:57+00:00,2024-12-27 02:17:03+00:00,60,,,0
"1PnsNtAqmHQKxyqKS843J9aegdJsXr5rpDBalance:8,000 BTC ($705,491,193) Ins:59 Outs:0",1PnsNtAq,8000.0,705491193.0,0.04034,2020-08-21 13:37:15+00:00,2024-12-27 02:17:03+00:00,59,,,0
"1AXskHt4ZwVZLonZV8BMDxh4V65ec41KMJBalance:8,000 BTC ($705,491,192) Ins:61 Outs:0",1AXskHt4,8000.0,705491192.0,0.04034,2020-10-28 17:27:42+00:00,2024-12-27 02:17:03+00:00,61,,,0
"1JnfbQerGjFHVq28945y1bhoUHpn6vKM9vBalance:8,000 BTC ($705,491,192) Ins:62 Outs:0",1JnfbQer,8000.0,705491192.0,0.04034,2020-09-14 21:19:34+00:00,2024-12-27 02:17:03+00:00,62,,,0
"3Mt6BWcG1QAHGGuKDiT7KKtJc9TUeiSk6pBalance:7,977 BTC ($703,434,416) Ins:1 Outs:0",3Mt6BWcG,7977.0,703434416.0,0.04022,2025-01-23 21:10:32+00:00,2025-01-23 21:10:32+00:00,1,,,0
"15Z5YJaaNSxeynvr6uW6jQZLwq3n1Hu6RXwallet: 559Balance:7,941 BTC ($700,294,022) Ins:118 Outs:60",15Z5YJaa,7941.0,700294022.0,0.04004,2010-04-10 16:02:35+00:00,2025-01-28 02:55:56+00:00,118,2010-04-10 18:15:16+00:00,2010-10-15 06:22:58+00:00,60
"1B4U28Yc1JmSQbpzzSfavEskTPMvBRphyDBalance:7,881 BTC ($694,981,044) Ins:57 Outs:0",1B4U28Yc,7881.0,694981044.0,0.03974,2020-11-02 22:43:16+00:00,2024-12-27 03:49:45+00:00,57,,,0
"14vbdGfYS7UKMvc4334UZDvTMPFA2G7zCBBalance:7,743 BTC ($682,844,331) Ins:68 Outs:0",14vbdGfY,7743.0,682844331.0,0.03904,2020-11-26 21:50:44+00:00,2024-12-27 03:49:45+00:00,68,,,0
"1K8QG4fuswaWFZ2fmmuxVKaWibi9H95iGwBalance:7,743 BTC ($682,844,331) Ins:79 Outs:0",1K8QG4fu,7743.0,682844331.0,0.03904,2020-11-30 17:53:04+00:00,2024-12-27 03:49:45+00:00,79,,,0
"18h3ed4gr53maxrckPZjfFD5Rvy8cSJAjh 7d:+7662 BTC / 30d:+7662 BTCBalance:7,662 BTC ($675,702,034) Ins:1 Outs:0",18h3ed4g,7662.0,675702034.0,0.03863,2025-03-04 21:30:16+00:00,2025-03-04 21:30:16+00:00,1,,,0
"1JKDzFHcb6KBybKSquvMw1FrxXhvBdMiB5Balance:7,626 BTC ($672,501,563) Ins:86 Outs:0",1JKDzFHc,7626.0,672501563.0,0.03845,2020-12-04 20:50:37+00:00,2024-12-27 11:13:08+00:00,86,,,0
"1DwSAnZw4Gk9FotgWZhRb3Nzqi4PLdU8MBalance:7,626 BTC ($672,501,563) Ins:86 Outs:0",1DwSAnZw,7626.0,672501563.0,0.03845,2020-12-01 18:17:01+00:00,2024-12-27 04:59:09+00:00,86,,,0
"1JECFWTZsRw65y65DEVR2djXv2KMYfuo7ABalance:7,626 BTC ($672,501,563) Ins:88 Outs:0",1JECFWTZ,7626.0,672501563.0,0.03845,2020-12-12 11:35:00+00:00,2024-12-27 11:13:08+00:00,88,,,0
"1Mt6STNGoHGuDziUSCagqTGNGrbDFSBxRnBalance:7,626 BTC ($672,501,562) Ins:132 Outs:0",1Mt6STNG,7626.0,672501562.0,0.03845,2020-12-15 18:44:52+00:00,2024-12-27 11:13:08+00:00,132,,,0
"1361wC48gW19mKAJmAkdXScLZKYdXgViS9Balance:7,626 BTC ($672,501,562) Ins:130 Outs:0",1361wC48,7626.0,672501562.0,0.03845,2020-12-16 16:48:42+00:00,2022-05-04 06:30:39+00:00,130,,,0
"1M14kQL3zfyEAHx6JCM3gsZyAxyiSDMWdpBalance:7,519 BTC ($663,107,470) Ins:128 Outs:0",1M14kQL3,7519.0,663107470.0,0.03791,2020-12-17 04:25:55+00:00,2025-01-28 01:14:50+00:00,128,,,0
"bc1qk2q9ptkvfrtt3769hh85zvq88jyrulk6zgys2hBalance:7,500 BTC ($661,415,524) Ins:12 Outs:0",bc1qk2q9,7500.0,661415524.0,0.03782,2021-07-27 13:47:45+00:00,2025-01-19 02:35:01+00:00,12,,,0
"3JzJtHrWgKswmsWB4owpvXFw47bU2d1GQcBalance:7,500 BTC ($661,397,993) Ins:10 Outs:0",3JzJtHrW,7500.0,661397993.0,0.03782,2024-06-07 17:50:31+00:00,2025-02-27 03:17:22+00:00,10,,,0
"1BdXs6VndkN2Kr4D5YAiDmuWuEk3V2qC4cBalance:7,499 BTC ($661,309,807) Ins:12 Outs:0",1BdXs6Vn,7499.0,661309807.0,0.03781,2023-09-28 20:57:31+00:00,2025-01-28 07:26:42+00:00,12,,,0
"bc1qqe394jlqq86muq23d4vrnhzzvcv8jnepgt8lx7Balance:7,459 BTC ($657,760,783) Ins:888 Outs:267",bc1qqe39,7459.0,657760783.0,0.03761,2023-03-08 10:28:09+00:00,2025-03-06 11:44:30+00:00,888,2023-05-17 04:36:48+00:00,2025-03-06 11:36:17+00:00,267
"34ovCavdkQgEYbrJk9Q1onhK7uWqq6J7DCwallet: 45505834Balance:7,453 BTC ($657,274,158) Ins:115 Outs:17",34ovCavd,7453.0,657274158.0,0.03758,2018-11-27 02:42:08+00:00,2025-01-12 23:46:56+00:00,115,2018-11-28 23:30:31+00:00,2024-07-01 00:31:05+00:00,17
"19tiUa9nsPTgaqWNHaM9QyCfv4Wm9dVeYaBalance:7,441 BTC ($656,209,550) Ins:101 Outs:0",19tiUa9n,7441.0,656209550.0,0.03752,2020-12-21 15:53:02+00:00,2025-01-28 02:33:15+00:00,101,,,0
"1FZcb6BU1ZbHQJcby7vDF2Na1z9UmkGSSGBalance:7,441 BTC ($656,209,549) Ins:132 Outs:0",1FZcb6BU,7441.0,656209549.0,0.03752,2020-12-18 17:43:19+00:00,2025-01-27 14:28:19+00:00,132,,,0
"19RtRzXV5px91eMbWZFCWLZRUeQX5XxxnJBalance:7,441 BTC ($656,209,548) Ins:130 Outs:0",19RtRzXV,7441.0,656209548.0,0.03752,2020-12-17 16:10:28+00:00,2024-12-27 11:13:08+00:00,130,,,0
"1C1sUtw6fYa1Yr5wexrH2ayT1ZykD9SobxBalance:7,441 BTC ($656,209,548) Ins:124 Outs:0",1C1sUtw6,7441.0,656209548.0,0.03752,2020-12-19 17:11:23+00:00,2024-12-27 11:13:08+00:00,124,,,0
"1JFUG5K3HidvfJD4R7nKyDJikmFpPcBB2Balance:7,441 BTC ($656,209,548) Ins:134 Outs:0",1JFUG5K3,7441.0,656209548.0,0.03752,2020-12-18 06:24:18+00:00,2024-12-27 11:13:08+00:00,134,,,0
"bc1qzkqmyv57jpuntyc9ydjyrq4hlneevrmr0xe9kzBalance:7,352 BTC ($648,375,333) Ins:78 Outs:76",bc1qzkqm,7352.0,648375333.0,0.03707,2023-02-08 18:15:16+00:00,2025-02-20 21:52:31+00:00,78,2023-03-16 19:44:42+00:00,2025-02-20 16:20:02+00:00,76
"bc1qefquzwru2k8f4m2guh2rs388l9q73qecf0dejmBalance:7,064 BTC ($622,946,602) Ins:107 Outs:79",bc1qefqu,7064.0,622946602.0,0.03562,2024-11-13 12:21:38+00:00,2025-03-04 22:20:38+00:00,107,2024-11-18 12:38:31+00:00,2025-03-03 12:16:03+00:00,79
"13eEt6myAo1zAC7o7RK5sVxxCNCAgd6ApHBalance:7,000 BTC ($617,316,896) Ins:25 Outs:0",13eEt6my,7000.0,617316896.0,0.0353,2017-10-17 11:45:49+00:00,2025-03-02 00:43:21+00:00,25,,,0
"1DzjE3ANaKLasY2n6e5ToJ4CQCXrvDvwsfBalance:7,000 BTC ($617,305,259) Ins:50 Outs:0",1DzjE3AN,7000.0,617305259.0,0.0353,2011-05-27 16:03:02+00:00,2025-01-27 14:15:16+00:00,50,,,0
"324rP14bzX8kW1JWt1J8ohZjDFyt2G68KqBalance:7,000 BTC ($617,303,542) Ins:25 Outs:0",324rP14b,7000.0,617303542.0,0.0353,2019-02-16 16:13:01+00:00,2024-12-27 12:08:15+00:00,25,,,0
"1FJuzzQFVMbiMGw6JtcXefdD64amy7mSCFBalance:6,999 BTC ($617,216,818) Ins:41 Outs:0",1FJuzzQF,6999.0,617216818.0,0.03529,2010-11-08 16:32:00+00:00,2025-02-20 18:02:52+00:00,41,,,0
"186XqVoL7TGxR3osoo4xn32wbYtb527raYBalance:6,977 BTC ($615,252,054) Ins:8 Outs:0",186XqVoL,6977.0,615252054.0,0.03518,2021-05-07 04:33:06+00:00,2024-12-27 12:08:15+00:00,8,,,0
"36NkTqCAApfRJBKicQaqrdKs29g6hyE4LSwallet: OKExBalance:6,948 BTC ($612,713,054) Ins:834 Outs:809",36NkTqCA,6948.0,612713054.0,0.03503,2021-03-11 00:46:25+00:00,2025-03-06 22:41:00+00:00,834,2021-03-29 21:16:19+00:00,2025-03-06 22:41:00+00:00,809
"3DVJfEsDTPkGDvqPCLC41X85L1B1DQWDyhwallet: OKExBalance:6,896 BTC ($608,104,912) Ins:358 Outs:304",3DVJfEsD,6896.0,608104912.0,0.03477,2019-01-22 17:38:08+00:00,2025-03-04 22:25:58+00:00,358,2019-01-24 20:11:53+00:00,2025-03-04 22:25:58+00:00,304
"1Ac2JdpQ5c9NeSajdGx6dofxeXkn4S35ftBalance:6,878 BTC ($606,521,437) Ins:28 Outs:0",1Ac2JdpQ,6878.0,606521437.0,0.03468,2017-07-29 03:55:33+00:00,2024-12-27 12:08:15+00:00,28,,,0
"1pChUJ9WQhWtqyt5RtSnLarZYQztZsbziwallet: 107637282Balance:6,804 BTC ($600,032,083) Ins:13 Outs:4",1pChUJ9W,6804.0,600032083.0,0.03431,2024-07-29 06:01:38+00:00,2025-01-28 07:26:42+00:00,13,2024-08-01 15:01:35+00:00,2025-01-27 15:25:55+00:00,4
"bc1qatjx2qc8vxz39m0qdz303z8et2pgmc74xz8km3Balance:6,745 BTC ($594,812,972) Ins:11 Outs:10",bc1qatjx,6745.0,594812972.0,0.03401,2024-12-30 19:31:42+00:00,2025-02-12 20:21:04+00:00,11,2024-12-31 22:17:30+00:00,2025-02-12 20:21:04+00:00,10
"3Nu84pbqfcfaFztQ74qc9ni2PH5HGM1bzS 3-of-5Balance:6,668 BTC ($588,012,740) Ins:76 Outs:31",3Nu84pbq,6668.0,588012740.0,0.03362,2024-04-18 09:15:37+00:00,2025-01-31 06:55:40+00:00,76,2024-04-18 10:00:08+00:00,2025-01-31 06:55:40+00:00,31
"bc1qjh0akslml59uuczddqu0y4p3vj64hg5mc94c40wallet: Kraken-coldwalletBalance:6,602 BTC ($582,168,144) Ins:1233 Outs:488",bc1qjh0a,6602.0,582168144.0,0.03329,2021-03-11 14:37:20+00:00,2025-02-26 10:24:04+00:00,1233,2021-04-01 07:16:15+00:00,2025-02-04 16:05:16+00:00,488
"1AYLzYN7SGu5FQLBTADBzqKm4b6Udt6Bw6Balance:6,512 BTC ($574,266,444) Ins:30 Outs:0",1AYLzYN7,6512.0,574266444.0,0.03283,2011-04-24 00:40:50+00:00,2024-12-27 12:08:15+00:00,30,,,0
"1NpZcfBnaJeoRT9ZqwZVRMw3SRs546VsuEBalance:6,507 BTC ($573,849,473) Ins:196 Outs:74",1NpZcfBn,6507.0,573849473.0,0.03281,2014-04-14 18:50:10+00:00,2025-01-27 14:15:16+00:00,196,2014-04-14 18:50:10+00:00,2020-12-03 23:18:39+00:00,74
"bc1ql7c3k2xw90qmhpntte94mu7mpra6g77nqtj6v7Balance:6,500 BTC ($573,211,591) Ins:3 Outs:0",bc1ql7c3,6500.0,573211591.0,0.03277,2022-11-23 08:45:48+00:00,2024-12-27 12:08:15+00:00,3,,,0
"bc1qrxhrm90p6qccryymrugwknt42je5kv0wd7c50tdhx70fa6yclv8sz6..uvd3Balance:6,500 BTC ($573,211,591) Ins:2 Outs:0",bc1qrxhr,6500.0,573211591.0,0.03277,2024-04-19 12:49:40+00:00,2024-12-27 12:08:15+00:00,2,,,0
"bc1qrd7t2sl5rdfke32qcryyep6r78vyq703mvggq7Balance:6,471 BTC ($570,669,386) Ins:103 Outs:99",bc1qrd7t,6471.0,570669386.0,0.03263,2024-11-15 20:23:03+00:00,2025-03-06 21:09:37+00:00,103,2024-11-16 16:20:09+00:00,2025-03-03 16:38:28+00:00,99
"18SN8PV997oDGtYmTPPD55GDaPtNNEGWeuBalance:6,454 BTC ($569,128,027) Ins:138 Outs:107",18SN8PV9,6454.0,569128027.0,0.03254,2019-06-09 14:39:23+00:00,2025-01-29 07:28:12+00:00,138,2019-06-10 12:48:46+00:00,2024-12-18 03:38:50+00:00,107
"18QCiLiXhko8pb4rqv3mCtC834tSTWHNijBalance:6,406 BTC ($564,964,131) Ins:65 Outs:0",18QCiLiX,6406.0,564964131.0,0.0323,2021-01-04 21:01:57+00:00,2025-01-27 06:22:19+00:00,65,,,0
"147sPaNaqeyQp8GS2oAUajhb9d4PZ9xAv9Balance:6,406 BTC ($564,964,131) Ins:68 Outs:0",147sPaNa,6406.0,564964131.0,0.0323,2021-01-03 01:51:23+00:00,2025-01-28 07:26:42+00:00,68,,,0
"bc1qzxwdcxqj36ane625hkgjpg6p0pjg79u29qyrusBalance:6,401 BTC ($564,463,524) Ins:32 Outs:7",bc1qzxwd,6401.0,564463524.0,0.03227,2021-07-25 14:30:01+00:00,2025-01-28 16:07:21+00:00,32,2023-03-29 08:03:14+00:00,2023-03-29 08:03:14+00:00,7
"1PjPfocmxS262puhYqUwaagE9zBJTZHGwKBalance:6,396 BTC ($564,052,682) Ins:68 Outs:0",1PjPfocm,6396.0,564052682.0,0.03225,2021-01-19 01:12:25+00:00,2025-01-27 05:29:42+00:00,68,,,0
"1NSbFq6rCeSC1p2EBrov5R1uUTFRBu8tcsBalance:6,396 BTC ($564,052,681) Ins:70 Outs:0",1NSbFq6r,6396.0,564052681.0,0.03225,2021-01-19 01:12:25+00:00,2025-01-27 05:46:27+00:00,70,,,0
"18gYq8BpkbcizC4jZ9zyQxo2NBVEQ2p4hMBalance:6,389 BTC ($563,441,659) Ins:64 Outs:0",18gYq8Bp,6389.0,563441659.0,0.03222,2021-01-15 01:30:13+00:00,2025-01-28 07:26:42+00:00,64,,,0
"16b8LpbDa38xrAQHVVDrC3xyztPdRaX5a2Balance:6,389 BTC ($563,441,656) Ins:57 Outs:0",16b8LpbD,6389.0,563441656.0,0.03222,2021-01-15 01:30:13+00:00,2024-12-27 12:38:31+00:00,57,,,0
"1HmiKJMQH4569UMpeGX2QStUfpjx7pBKhWBalance:6,389 BTC ($563,441,656) Ins:57 Outs:0",1HmiKJMQ,6389.0,563441656.0,0.03222,2021-01-15 01:30:13+00:00,2024-12-27 12:38:31+00:00,57,,,0
"1NFPNeet3ygvVZtDbxYeLECfs7g7vH8PSVBalance:6,389 BTC ($563,441,656) Ins:61 Outs:0",1NFPNeet,6389.0,563441656.0,0.03222,2021-01-04 20:50:37+00:00,2024-12-27 12:38:31+00:00,61,,,0
"14Ngt4akcnVgaoAMxoMqz9rPcP3bYsGbbMBalance:6,387 BTC ($563,258,872) Ins:60 Outs:0",14Ngt4ak,6387.0,563258872.0,0.03221,2021-01-15 01:17:51+00:00,2024-12-27 12:38:31+00:00,60,,,0
"1MJZLeLbsoSf2kuDr5gAX3QE93BvhvqkCCBalance:6,366 BTC ($561,371,512) Ins:74 Outs:0",1MJZLeLb,6366.0,561371512.0,0.0321,2021-01-20 05:51:48+00:00,2025-01-28 03:11:55+00:00,74,,,0
"3DR2iGGQCUhShGhjTqShLAYEqxzAfY8pvZwallet: 71004938Balance:6,359 BTC ($560,740,342) Ins:331 Outs:311",3DR2iGGQ,6359.0,560740342.0,0.03206,2020-12-02 05:49:36+00:00,2025-02-25 07:23:12+00:00,331,2020-12-02 08:11:57+00:00,2025-02-18 05:57:23+00:00,311
"1JCozFUFS5TBAAbnrr9jRWDVQURo2kGeRqBalance:6,350 BTC ($559,942,494) Ins:63 Outs:0",1JCozFUF,6350.0,559942494.0,0.03202,2021-01-27 18:48:47+00:00,2025-01-28 03:11:55+00:00,63,,,0
"1DFv3qVAbravZBZqHmoEphMDtTs2zXPYXkBalance:6,336 BTC ($558,772,823) Ins:84 Outs:0",1DFv3qVA,6336.0,558772823.0,0.03195,2021-01-31 19:04:07+00:00,2025-01-28 03:11:55+00:00,84,,,0
"19CkUw43czT8yQctnHXNiB5ivNtibWbzqSBalance:6,326 BTC ($557,881,954) Ins:95 Outs:0",19CkUw43,6326.0,557881954.0,0.0319,2021-02-03 15:20:39+00:00,2025-02-05 01:52:40+00:00,95,,,0
"1JxmKkNK1b3p7r8DDPtnNmGeLZDcgPadJbBalance:6,316 BTC ($556,976,971) Ins:33 Outs:0",1JxmKkNK,6316.0,556976971.0,0.03185,2013-04-25 00:47:34+00:00,2025-01-27 05:13:01+00:00,33,,,0
"37TTwX8uGwjWApXL8GbwU9p7vHoAupCFcwBalance:6,302 BTC ($555,750,589) Ins:29 Outs:15",37TTwX8u,6302.0,555750589.0,0.03178,2022-01-20 14:22:30+00:00,2025-01-26 10:50:41+00:00,29,2022-03-11 21:59:40+00:00,2024-06-10 15:12:31+00:00,15
"bc1qg2ayc8hnw8k98q66vw3qjyx55tj7tg2rqcslnaBalance:6,279 BTC ($553,733,424) Ins:128 Outs:125",bc1qg2ay,6279.0,553733424.0,0.03166,2024-11-26 18:30:30+00:00,2025-03-06 12:40:04+00:00,128,2024-11-27 15:19:48+00:00,2025-03-04 16:26:43+00:00,125
"19oLGXykNUBj8f7w1tT9emuaEbaSFj1p27Balance:6,247 BTC ($550,856,633) Ins:293 Outs:270",19oLGXyk,6247.0,550856633.0,0.0315,2019-05-17 03:29:00+00:00,2025-02-27 20:39:37+00:00,293,2019-05-18 03:03:59+00:00,2024-12-27 15:18:02+00:00,270
"1JtAupan5MSPXxSsWFiwA79bY9LD2Ga1jeBalance:6,230 BTC ($549,421,785) Ins:52 Outs:21",1JtAupan,6230.0,549421785.0,0.03141,2021-12-22 06:17:58+00:00,2025-02-27 08:02:09+00:00,52,2021-12-22 06:21:48+00:00,2025-02-27 08:02:09+00:00,21
"1LBBmkr9muf7RjjBbzQQvzNQpRRaVEnavsBalance:6,200 BTC ($546,755,825) Ins:31 Outs:0",1LBBmkr9,6200.0,546755825.0,0.03126,2013-12-07 03:23:51+00:00,2024-12-27 13:14:58+00:00,31,,,0
"bc1qfflzlmk8mj97mht8w9aq7w6lwc34xwww2hthy2Balance:6,163 BTC ($543,510,448) Ins:7 Outs:0",bc1qfflz,6163.0,543510448.0,0.03108,2024-11-06 06:26:42+00:00,2024-12-27 13:14:58+00:00,7,,,0
"bc1qtrxc0use4hlm7fl0j6t37z7qlwl5eppj8lywz6wallet: Kraken-coldwalletBalance:6,132 BTC ($540,728,933) Ins:1020 Outs:342",bc1qtrxc,6132.0,540728933.0,0.03092,2022-07-24 21:01:08+00:00,2025-03-04 06:08:21+00:00,1020,2023-12-13 17:35:38+00:00,2025-02-04 16:05:16+00:00,342
"32ixEdVJWo3kmvJGMTZq5jAQVZZeuwnqzowallet: 108344879Balance:6,103 BTC ($538,217,751) Ins:664 Outs:502",32ixEdVJ,6103.0,538217751.0,0.03077,2024-03-13 00:06:05+00:00,2025-03-06 23:03:18+00:00,664,2024-10-14 19:08:30+00:00,2024-10-20 17:08:44+00:00,502
"16rF2zwSJ9goQ9fZfYoti5LsUqqegb5RnAwallet: OKXBalance:6,101 BTC ($538,024,636) Ins:24 Outs:0",16rF2zwS,6101.0,538024636.0,0.03076,2019-07-12 08:20:54+00:00,2025-01-28 07:27:07+00:00,24,,,0
"3QCgxyh9t1XgZD6jQYgmyXQDzBPxWLsH2pBalance:6,096 BTC ($537,550,312) Ins:2 Outs:0",3QCgxyh9,6096.0,537550312.0,0.03074,2024-11-28 18:57:34+00:00,2024-12-27 13:14:58+00:00,2,,,0
"1AkJq3KKGpKQDVRzVYR6SxdzToM47nopdVBalance:6,062 BTC ($534,571,495) Ins:2 Outs:0",1AkJq3KK,6062.0,534571495.0,0.03056,2022-11-16 20:30:27+00:00,2024-12-27 13:14:58+00:00,2,,,0
"1J3B2ucUpWjWPPpejUCoLN93Gwz3q65CTdBalance:6,000 BTC ($529,118,445) Ins:19 Outs:0",1J3B2ucU,6000.0,529118445.0,0.03025,2019-07-24 18:35:27+00:00,2024-12-27 13:14:58+00:00,19,,,0
"1MbNM3jwxMjRzeA9xyHbMyePN68MY4JxbBalance:6,000 BTC ($529,118,403) Ins:29 Outs:0",1MbNM3jw,6000.0,529118403.0,0.03025,2020-02-23 09:59:41+00:00,2025-01-28 07:26:42+00:00,29,,,0
"1FY6RL8Ju9b6CGsHTK68yYEcnzUasufyCeBalance:6,000 BTC ($529,118,403) Ins:27 Outs:0",1FY6RL8J,6000.0,529118403.0,0.03025,2020-01-18 06:15:58+00:00,2025-01-28 07:26:42+00:00,27,,,0
"178E8tYZ5WJ6PpADdpmmZd67Se7uPhJCLXBalance:6,000 BTC ($529,118,402) Ins:28 Outs:0",178E8tYZ,6000.0,529118402.0,0.03025,2020-02-23 09:39:37+00:00,2025-01-28 07:27:07+00:00,28,,,0
"1BsdDaJtgFZrLfzEXvh6cD4VhtHHSHhMeaBalance:6,000 BTC ($529,118,401) Ins:26 Outs:0",1BsdDaJt,6000.0,529118401.0,0.03025,2020-02-23 09:59:41+00:00,2025-01-28 07:26:42+00:00,26,,,0
"1Lj2mCPJYbbC2X6oYwV6sXnE8CZ4heK5UDBalance:6,000 BTC ($529,118,400) Ins:23 Outs:0",1Lj2mCPJ,6000.0,529118400.0,0.03025,2020-02-23 09:59:41+00:00,2025-01-28 07:26:42+00:00,23,,,0
"1HvZQX9XkFFaNa8d5VpwMcYkyebyp6cCXMBalance:5,970 BTC ($526,455,195) Ins:91 Outs:0",1HvZQX9X,5970.0,526455195.0,0.0301,2021-02-03 22:09:51+00:00,2025-01-28 07:27:07+00:00,91,,,0
"1FvkWMMH9MDMACHqynrerzduaQ5AjjZKDABalance:5,965 BTC ($526,015,070) Ins:81 Outs:0",1FvkWMMH,5965.0,526015070.0,0.03008,2021-02-04 17:39:41+00:00,2025-01-28 07:26:42+00:00,81,,,0
"19dNe9Xg6JWvszgU3NuM6TNd2wHmANPbHBBalance:5,950 BTC ($524,701,790) Ins:21 Outs:11",19dNe9Xg,5950.0,524701790.0,0.03,2024-01-09 21:29:52+00:00,2025-02-27 21:15:04+00:00,21,2024-01-10 15:49:17+00:00,2025-02-27 20:39:37+00:00,11
"138EMxwMtKuvCEUtm4qUfT2x344TSReyiTBalance:5,908 BTC ($520,966,706) Ins:26 Outs:0",138EMxwM,5908.0,520966706.0,0.02979,2017-12-14 19:38:10+00:00,2024-12-27 13:27:42+00:00,26,,,0
"1D3mERfHYY2e96HKUZUsXX7HqHkqUFEadvBalance:5,887 BTC ($519,192,587) Ins:83 Outs:0",1D3mERfH,5887.0,519192587.0,0.02969,2021-02-05 11:33:31+00:00,2025-01-27 05:29:42+00:00,83,,,0
"14UeyAD9rQCSJgdJzuzFgShq84gW62BsatBalance:5,869 BTC ($517,601,260) Ins:86 Outs:0",14UeyAD9,5869.0,517601260.0,0.02959,2021-02-05 10:39:48+00:00,2025-01-28 07:26:42+00:00,86,,,0
"1DDWbJhKqfidczaHF1ugGP2KzPgcaU3tGDBalance:5,869 BTC ($517,601,259) Ins:88 Outs:0",1DDWbJhK,5869.0,517601259.0,0.02959,2021-02-05 11:33:31+00:00,2025-01-27 18:29:28+00:00,88,,,0
"3L41yRzWATBFS3TSHGxFAJiTxahB94MpcQ 2-of-3wallet: SBI-VC-coldwalletBalance:5,784 BTC ($510,096,785) Ins:1601 Outs:1515",3L41yRzW,5784.0,510096785.0,0.02917,2019-05-31 08:49:43+00:00,2025-03-07 01:32:29+00:00,1601,2019-05-31 17:30:26+00:00,2025-02-28 02:41:52+00:00,1515
"1NBX1UZE3EFPTnYNkDfVhRADvVc8v6pRYuBalance:5,773 BTC ($509,066,121) Ins:43 Outs:26",1NBX1UZE,5773.0,509066121.0,0.02911,2019-11-01 19:09:34+00:00,2025-01-28 07:26:42+00:00,43,2019-11-01 23:25:19+00:00,2025-01-22 14:57:17+00:00,26
"13n67sFKgqLDKp8gx8Xvm6scdfY4ZeaU8pBalance:5,700 BTC ($502,669,780) Ins:49 Outs:8",13n67sFK,5700.0,502669780.0,0.02874,2017-09-21 16:00:01+00:00,2025-01-28 07:27:07+00:00,49,2017-11-24 06:31:19+00:00,2019-10-24 06:13:57+00:00,8
"1KN4cw6kczLshsFdsPJNP538eLu6j8UVQgBalance:5,697 BTC ($502,437,244) Ins:3 Outs:0",1KN4cw6k,5697.0,502437244.0,0.02873,2025-01-15 02:24:56+00:00,2025-01-31 00:17:23+00:00,3,,,0
"1EF3T11bL7yua2yJo4waaQ3RgewNwRnKMwBalance:5,696 BTC ($502,341,793) Ins:90 Outs:0",1EF3T11b,5696.0,502341793.0,0.02872,2021-02-05 13:25:02+00:00,2025-01-28 02:11:50+00:00,90,,,0
"bc1q8urxlm2uye3t6nwg0y44sn32p0ynvefxpqseu4wallet: 98590549Balance:5,649 BTC ($498,138,109) Ins:2035 Outs:1976",bc1q8urx,5649.0,498138109.0,0.02848,2023-06-02 09:50:50+00:00,2025-03-06 13:25:21+00:00,2035,2023-06-16 05:55:17+00:00,2025-03-06 13:25:21+00:00,1976
"1LVYbnSX6f6vE2Zn4zs2oZ4eKyBgzkqaayBalance:5,647 BTC ($498,018,174) Ins:61 Outs:12",1LVYbnSX,5647.0,498018174.0,0.02847,2022-11-30 07:27:47+00:00,2025-03-04 10:41:30+00:00,61,2022-11-30 17:09:01+00:00,2025-01-08 02:25:30+00:00,12
"bc1q0lfp0nn9z9r370rhmp27xsmf3khwtranuegp9kBalance:5,628 BTC ($496,269,807) Ins:52 Outs:47",bc1q0lfp,5628.0,496269807.0,0.02837,2024-10-07 18:07:26+00:00,2025-02-27 17:15:02+00:00,52,2024-10-08 07:04:44+00:00,2025-02-27 17:15:02+00:00,47
"15SGg7PpcJ7bMhENw4gc3Qp4LT6c5uLGzaBalance:5,610 BTC ($494,696,764) Ins:90 Outs:0",15SGg7Pp,5610.0,494696764.0,0.02828,2021-02-22 16:45:59+00:00,2025-01-28 03:11:55+00:00,90,,,0
"1Cw9Kyr8hKsucXTtcwuGVqeBHDrnRtXC8DBalance:5,600 BTC ($493,871,534) Ins:93 Outs:0",1Cw9Kyr8,5600.0,493871534.0,0.02824,2021-02-09 00:28:24+00:00,2025-01-28 07:27:07+00:00,93,,,0
"1DR93bfKVCUJkDvPuxbUAEtzYRaJEnwjNtBalance:5,600 BTC ($493,843,794) Ins:26 Outs:0",1DR93bfK,5600.0,493843794.0,0.02824,2017-10-06 18:06:13+00:00,2024-12-28 02:37:19+00:00,26,,,0
"1FUpBduq45UfULPACj1Phw9hRvwroJqYUXBalance:5,598 BTC ($493,705,979) Ins:90 Outs:0",1FUpBduq,5598.0,493705979.0,0.02823,2021-02-17 21:22:10+00:00,2025-01-28 07:26:42+00:00,90,,,0
"1AwimXdGoX8nR9dMagCDMGJQB62GNHgrqMBalance:5,598 BTC ($493,705,979) Ins:93 Outs:0",1AwimXdG,5598.0,493705979.0,0.02823,2021-02-17 04:51:00+00:00,2025-01-27 05:13:01+00:00,93,,,0
"1GuLYGgr9FZwCBBQfDmMiJfTF4cvyrJSeuBalance:5,598 BTC ($493,705,977) Ins:87 Outs:0",1GuLYGgr,5598.0,493705977.0,0.02823,2021-02-19 19:18:29+00:00,2025-01-28 07:26:42+00:00,87,,,0
"1Ly9nQEyaRQoRPSAE4dABrpav2SaAR383WBalance:5,598 BTC ($493,705,977) Ins:83 Outs:0",1Ly9nQEy,5598.0,493705977.0,0.02823,2021-02-22 06:17:28+00:00,2025-01-27 18:29:28+00:00,83,,,0
"152BK6BQa672Dy8PHf4JQtS27pBRBiYy6eBalance:5,598 BTC ($493,705,977) Ins:92 Outs:0",152BK6BQ,5598.0,493705977.0,0.02823,2021-02-20 18:04:41+00:00,2025-01-27 18:29:28+00:00,92,,,0
"154sxXJekWHQ5nPxkkaWnMghy4o9qWaNdUBalance:5,598 BTC ($493,705,976) Ins:86 Outs:0",154sxXJe,5598.0,493705976.0,0.02823,2021-02-22 06:27:25+00:00,2025-01-28 01:14:50+00:00,86,,,0
"1Gc6ggvqHRRwyyx6rrW9Wn17bqzV7voWvDBalance:5,598 BTC ($493,705,976) Ins:85 Outs:0",1Gc6ggvq,5598.0,493705976.0,0.02823,2021-02-20 01:01:18+00:00,2025-01-28 07:27:07+00:00,85,,,0
"1CCqLR8YrUMPFgYZWwLW8FkezbFjfeXD8nBalance:5,595 BTC ($493,431,347) Ins:23 Outs:0",1CCqLR8Y,5595.0,493431347.0,0.02821,2018-02-08 07:48:35+00:00,2024-12-28 10:43:31+00:00,23,,,0
"1D387jd5ZuvudpUQrSv8vK5b2M1SBnvdY8Balance:5,578 BTC ($491,939,647) Ins:86 Outs:0",1D387jd5,5578.0,491939647.0,0.02813,2021-02-23 09:06:11+00:00,2025-01-28 07:27:07+00:00,86,,,0
"bc1q4mcyastjs4k9gfzrsua4l8mxy393d53a6nnd4rBalance:5,547 BTC ($489,184,313) Ins:720 Outs:362",bc1q4mcy,5547.0,489184313.0,0.02797,2022-03-28 09:31:59+00:00,2025-01-26 16:28:38+00:00,720,2024-03-12 10:35:14+00:00,2024-03-14 11:47:19+00:00,362
"18DowXoMUQT5EU8zPTDTrq4hrwmi8ddCccwallet: SwissBorgBalance:5,541 BTC ($488,683,917) Ins:2099 Outs:2052",18DowXoM,5541.0,488683917.0,0.02794,2021-12-01 14:51:49+00:00,2025-03-07 01:31:49+00:00,2099,2021-12-02 11:57:52+00:00,2025-03-06 16:50:03+00:00,2052
"3M3EtJGx5Dy9nCATLDhyRCrKGc38QC9z2eBalance:5,535 BTC ($488,140,294) Ins:5 Outs:0",3M3EtJGx,5535.0,488140294.0,0.02791,2024-11-19 20:00:55+00:00,2025-02-05 01:52:40+00:00,5,,,0
"bc1quv866t7ke929gxttpgc2u30ffnczpgfrjugwxvBalance:5,500 BTC ($485,025,195) Ins:10 Outs:0",bc1quv86,5500.0,485025195.0,0.02773,2021-01-13 14:47:30+00:00,2024-12-28 10:43:31+00:00,10,,,0
"31vGTThPybgTLC2k2DLZjBoYYnMNAXYdhx 30d:+5380 BTCBalance:5,380 BTC ($474,455,223) Ins:1 Outs:0",31vGTThP,5380.0,474455223.0,0.02713,2025-02-03 19:54:05+00:00,2025-02-03 19:54:05+00:00,1,,,0
"bc1qf6vc30jjmgkrayazenc8kxdatqg28jd0qhcvwcBalance:5,319 BTC ($469,020,771) Ins:21 Outs:20",bc1qf6vc,5319.0,469020771.0,0.02682,2024-11-27 20:25:33+00:00,2025-03-05 20:12:24+00:00,21,2024-12-04 01:40:06+00:00,2025-03-05 20:12:24+00:00,20
"3HroDXv8hmzKRtaSfBffRgedKpru8fgy6M 2-of-3wallet: gate.io-coldwalletBalance:5,285 BTC ($466,097,063) Ins:168 Outs:99",3HroDXv8,5285.0,466097063.0,0.02665,2019-05-12 21:41:50+00:00,2025-01-12 23:46:56+00:00,168,2019-05-12 21:59:33+00:00,2022-11-13 16:14:23+00:00,99
"bc1q2f0tczgrukdxjrhhadpft2fehzpcrwrz549u90Balance:5,260 BTC ($463,822,554) Ins:35067 Outs:34897",bc1q2f0t,5260.0,463822554.0,0.02652,2022-05-19 18:40:28+00:00,2025-03-07 04:28:18+00:00,35067,2022-05-19 19:36:59+00:00,2025-03-06 19:53:20+00:00,34897
"bc1qc45h5yduv0cp8w6jv6rafs0g2say65rnn268jt3vlk6x3hg9u7kqvh..3xk7Balance:5,212 BTC ($459,627,460) Ins:5 Outs:2",bc1qc45h,5212.0,459627460.0,0.02628,2023-10-11 15:31:49+00:00,2024-12-28 10:43:31+00:00,5,2024-11-21 19:16:02+00:00,2024-11-21 19:16:02+00:00,2
"bc1qlrf750tfxsm8j5uu484lfywam3ffjrvmcvyr3aBalance:5,200 BTC ($458,569,135) Ins:1 Outs:0",bc1qlrf7,5200.0,458569135.0,0.02622,2025-01-23 20:07:51+00:00,2025-01-23 20:07:51+00:00,1,,,0
"1KNm4K8GUK8sMoxc2Z3zU8Uv5FDVjrA72pBalance:5,199 BTC ($458,485,926) Ins:53693 Outs:53644",1KNm4K8G,5199.0,458485926.0,0.02621,2021-12-20 21:24:15+00:00,2025-03-07 04:55:16+00:00,53693,2021-12-28 19:55:02+00:00,2025-03-07 03:21:46+00:00,53644
"1BVtDi7txPCG2TH5Crd2Rw5MtpivbmoKgBwallet: 111539946Balance:5,186 BTC ($457,310,990) Ins:26 Outs:1",1BVtDi7t,5186.0,457310990.0,0.02615,2017-06-12 20:43:56+00:00,2025-01-27 14:15:16+00:00,26,2025-03-01 17:07:02+00:00,2025-03-01 17:07:02+00:00,1
"bc1qtmhy4putlcmlm32y42s0xq8m6z3clx9yse2g0rBalance:5,169 BTC ($455,841,414) Ins:60 Outs:56",bc1qtmhy,5169.0,455841414.0,0.02606,2024-06-05 00:51:49+00:00,2025-03-04 22:38:06+00:00,60,2024-08-05 02:10:20+00:00,2025-03-04 04:19:45+00:00,56
"bc1qq4h5pmydtvw8rsxttmxd8rxkx0rl420fq83y34Balance:5,157 BTC ($454,783,501) Ins:92 Outs:80",bc1qq4h5,5157.0,454783501.0,0.026,2024-12-24 15:00:15+00:00,2025-03-06 22:50:18+00:00,92,2024-12-25 11:26:05+00:00,2025-02-24 09:42:10+00:00,80
"394BAk5Vae7B7AdzpzVx43Zx4uVBpAqRk7 30d:+5149 BTCBalance:5,149 BTC ($454,071,228) Ins:1 Outs:0",394BAk5V,5149.0,454071228.0,0.02596,2025-02-26 09:56:02+00:00,2025-02-26 09:56:02+00:00,1,,,0
"3LLkjCcLEC5N2RSBk5r4jwnwBZ69xY2PXqBalance:5,109 BTC ($450,525,280) Ins:3 Outs:0",3LLkjCcL,5109.0,450525280.0,0.02576,2024-12-11 22:00:00+00:00,2024-12-28 10:43:31+00:00,3,,,0
"bc1qjav0ce3rc5n6espfjndrxck4s44sv66nagccsfqgu7yvwh539nlq6m..yyadBalance:5,100 BTC ($449,750,418) Ins:53 Outs:49",bc1qjav0,5100.0,449750418.0,0.02572,2021-10-27 09:00:56+00:00,2025-02-28 10:04:10+00:00,53,2021-12-13 19:16:09+00:00,2025-02-11 18:02:45+00:00,49
"bc1qv007mjtgmyvyqlwyv5nqk54gr8ekteknhur6fr 30d:+5090 BTCBalance:5,090 BTC ($448,893,804) Ins:7 Outs:3",bc1qv007,5090.0,448893804.0,0.02567,2025-02-26 19:47:49+00:00,2025-02-28 18:14:33+00:00,7,2025-02-26 21:58:21+00:00,2025-02-27 22:18:31+00:00,3
"1BeouDc6jtHpitvPz3gR3LQnBGb7dKRrtCwallet: 7507428Balance:5,075 BTC ($447,546,113) Ins:122 Outs:6",1BeouDc6,5075.0,447546113.0,0.02559,2014-02-21 02:04:52+00:00,2025-01-28 03:11:55+00:00,122,2014-11-08 17:23:04+00:00,2014-11-08 17:23:04+00:00,6
"12d1e4x5oprNf7au7BrTryx5D5mGCrXLY5Balance:5,000 BTC ($440,950,561) Ins:24 Outs:6",12d1e4x5,5000.0,440950561.0,0.02521,2023-08-18 09:26:07+00:00,2025-02-01 20:01:31+00:00,24,2024-04-03 22:54:04+00:00,2025-01-17 02:43:44+00:00,6
"34iPiWYZyn3d99WgiSzF5UPsir7ix3j4XeBalance:5,000 BTC ($440,940,812) Ins:3 Outs:0",34iPiWYZ,5000.0,440940812.0,0.02521,2024-12-13 07:14:02+00:00,2024-12-28 10:43:31+00:00,3,,,0
"1ARWCREnmdKyHgNg2c9qih8UzRr4MMQEQSBalance:5,000 BTC ($440,933,730) Ins:32 Outs:0",1ARWCREn,5000.0,440933730.0,0.02521,2011-05-17 14:09:56+00:00,2024-12-28 10:43:31+00:00,32,,,0
"1DaCQDfStUgkPQXcf53Teeo6LPiKcVMBM9Balance:5,000 BTC ($440,932,186) Ins:35 Outs:0",1DaCQDfS,5000.0,440932186.0,0.02521,2014-04-16 17:27:15+00:00,2025-01-27 05:29:42+00:00,35,,,0
"16Jka2DrvEGGJ6ks2kXRpxmQZLQmAFRoGkBalance:5,000 BTC ($440,932,169) Ins:17 Outs:0",16Jka2Dr,5000.0,440932169.0,0.02521,2019-05-29 12:54:22+00:00,2024-12-28 12:21:32+00:00,17,,,0
"1NQEV6T4avmPqUVTvgsKkeB6yc8qnSWfhRBalance:5,000 BTC ($440,932,132) Ins:32 Outs:0",1NQEV6T4,5000.0,440932132.0,0.02521,2014-04-16 17:53:08+00:00,2024-12-28 12:21:32+00:00,32,,,0
"19z6WynrjHeD5MMv6919BuQRwybuen1sRvBalance:5,000 BTC ($440,932,132) Ins:32 Outs:0",19z6Wynr,5000.0,440932132.0,0.02521,2014-04-16 18:07:07+00:00,2024-12-28 12:21:32+00:00,32,,,0
"1NJQZhzYac89fDhQCmb1khdjekKNVYLFMYBalance:5,000 BTC ($440,932,132) Ins:31 Outs:0",1NJQZhzY,5000.0,440932132.0,0.02521,2014-04-16 17:45:14+00:00,2024-12-28 12:21:32+00:00,31,,,0
"12ytiN9oWQTRGb6JjZiaoWMAvF9nPWdGX1Balance:5,000 BTC ($440,932,095) Ins:26 Outs:0",12ytiN9o,5000.0,440932095.0,0.02521,2017-07-29 03:39:12+00:00,2024-12-28 12:21:32+00:00,26,,,0
"1LnoZawVFFQihU8d8ntxLMpYheZUfyeVAKwallet: OKXBalance:5,000 BTC ($440,932,077) Ins:59 Outs:2",1LnoZawV,5000.0,440932077.0,0.02521,2020-01-18 06:10:51+00:00,2025-02-16 11:00:14+00:00,59,2024-12-19 08:39:31+00:00,2024-12-19 08:39:31+00:00,2
"bc1q2we5eqjj8je6lz9xwjattpc3pn4jejc5h0s70fBalance:4,999 BTC ($440,843,895) Ins:4 Outs:1",bc1q2we5,4999.0,440843895.0,0.02521,2023-03-05 16:52:23+00:00,2024-12-28 12:21:32+00:00,4,2023-03-05 16:52:23+00:00,2023-03-05 16:52:23+00:00,1
"bc1qpp3v9k4g5hqjfztextp5nn9808lcru9j8m4n2pBalance:4,999 BTC ($440,843,807) Ins:4 Outs:1",bc1qpp3v,4999.0,440843807.0,0.02521,2023-03-05 15:47:17+00:00,2024-12-28 12:43:28+00:00,4,2023-03-05 16:05:14+00:00,2023-03-05 16:05:14+00:00,1
"bc1qeth6n6ryxexvkx34wnx3nuynun4474h3j0gkhwBalance:4,999 BTC ($440,843,807) Ins:4 Outs:1",bc1qeth6,4999.0,440843807.0,0.02521,2023-03-05 13:46:20+00:00,2024-12-28 12:43:28+00:00,4,2023-03-05 13:54:07+00:00,2023-03-05 13:54:07+00:00,1
"bc1ps4xh9n9688jjlczas846kq64mxnhp8e5aradpcpuj852dvhmpzkqs5..7a3gBalance:4,999 BTC ($440,843,807) Ins:3 Outs:0",bc1ps4xh,4999.0,440843807.0,0.02521,2024-12-15 09:29:11+00:00,2024-12-28 12:43:28+00:00,3,,,0
"12GQSEPmoCiw7zrWJbsYa5SD3hkKPSzyAqBalance:4,995 BTC ($440,518,164) Ins:87 Outs:0",12GQSEPm,4995.0,440518164.0,0.02519,2021-02-23 10:21:34+00:00,2025-01-27 14:15:16+00:00,87,,,0
"14f3x5v48f7b7QN6Lqt56Fg8jBQ7nVn26NBalance:4,989 BTC ($439,961,238) Ins:2 Outs:0",14f3x5v4,4989.0,439961238.0,0.02516,2023-07-21 09:11:53+00:00,2024-12-28 12:43:28+00:00,2,,,0
"bc1qu0gedsrw3axk37avmnahp2c7rszkeu6f9fx6shxg4plew8as825qm7..7x6ewallet: 110892658Balance:4,980 BTC ($439,168,265) Ins:4 Outs:2",bc1qu0ge,4980.0,439168265.0,0.02511,2025-01-27 03:52:34+00:00,2025-02-12 05:06:13+00:00,4,2025-01-28 00:51:50+00:00,2025-01-31 00:50:21+00:00,2
"1Cm9ugUjEUyMvjB3uWxESapa861uEtcVycBalance:4,975 BTC ($438,736,462) Ins:89 Outs:0",1Cm9ugUj,4975.0,438736462.0,0.02509,2021-02-23 22:25:49+00:00,2025-01-27 18:29:28+00:00,89,,,0
"1ZK5rrghS3Uhnra64LiuZVupa6WTSuPfFBalance:4,968 BTC ($438,078,798) Ins:88 Outs:0",1ZK5rrgh,4968.0,438078798.0,0.02505,2021-02-24 10:07:34+00:00,2025-01-28 03:23:14+00:00,88,,,0
"15n6GcFRFm3287FotAWunZe58D9yXx13ABBalance:4,938 BTC ($435,468,134) Ins:89 Outs:0",15n6GcFR,4938.0,435468134.0,0.0249,2021-02-25 02:45:55+00:00,2025-01-28 07:26:42+00:00,89,,,0
"1G6KK2j1C7DAsPmQ6joZpAY4gN84z5Te4EBalance:4,938 BTC ($435,468,132) Ins:80 Outs:0",1G6KK2j1,4938.0,435468132.0,0.0249,2021-02-25 02:45:55+00:00,2025-01-28 07:26:42+00:00,80,,,0
"1CY3uBdj9ZypiiZUymr2kVSaByFdEbYrcUBalance:4,902 BTC ($432,324,102) Ins:78 Outs:0",1CY3uBdj,4902.0,432324102.0,0.02472,2021-02-25 04:07:35+00:00,2025-01-27 18:23:59+00:00,78,,,0
"1Ms4LPLVYWCyYTAqBcotXAeizHgE778abEBalance:4,902 BTC ($432,324,083) Ins:81 Outs:0",1Ms4LPLV,4902.0,432324083.0,0.02472,2021-02-25 04:01:02+00:00,2025-01-28 00:55:25+00:00,81,,,0
"1PPWcRj9k2oRr2uEJUQpmTo293a68tkjTXBalance:4,902 BTC ($432,324,083) Ins:75 Outs:0",1PPWcRj9,4902.0,432324083.0,0.02472,2021-02-25 04:07:35+00:00,2025-01-28 02:55:56+00:00,75,,,0
"1Btud1pqADgGzgBCZzxzc2b1o1ytk1HYWCBalance:4,900 BTC ($432,114,046) Ins:26 Outs:0",1Btud1pq,4900.0,432114046.0,0.02471,2017-06-13 07:58:25+00:00,2024-12-28 14:16:57+00:00,26,,,0
"1BXZng4dcXDnYNRXRgHqWjzT5RwxHHBSHoBalance:4,900 BTC ($432,113,364) Ins:24 Outs:0",1BXZng4d,4900.0,432113364.0,0.02471,2017-06-13 07:58:25+00:00,2024-12-28 14:16:57+00:00,24,,,0
"1BvNwfxEQwZNRmYQ3eno6e976XyxhCsRXjBalance:4,881 BTC ($430,450,314) Ins:33 Outs:0",1BvNwfxE,4881.0,430450314.0,0.02461,2013-04-25 01:03:29+00:00,2024-12-28 14:16:57+00:00,33,,,0
"bc1qrjq4tavyrxsg9p50aqmyj60lwx5eg73q5vr7eyBalance:4,873 BTC ($429,732,417) Ins:6 Outs:3",bc1qrjq4,4873.0,429732417.0,0.02457,2024-12-23 13:31:32+00:00,2025-01-29 17:10:31+00:00,6,2024-12-23 15:18:20+00:00,2024-12-23 15:18:20+00:00,3
"1Mq54q43p6iCssCStAQt1gQubPciUfboL2Balance:4,871 BTC ($429,556,740) Ins:191 Outs:165",1Mq54q43,4871.0,429556740.0,0.02456,2021-08-18 04:00:34+00:00,2025-01-27 12:20:43+00:00,191,2021-08-25 15:55:43+00:00,2024-01-24 20:59:52+00:00,165
"1PPuNHJanckd7a1ddTM8Dpv4TqGF3ZqggKBalance:4,860 BTC ($428,585,619) Ins:2 Outs:0",1PPuNHJa,4860.0,428585619.0,0.0245,2023-07-11 20:15:42+00:00,2024-12-28 14:16:57+00:00,2,,,0
"1PmtxPwpw4s4VBy45HfFwLfKvj3YDbG43wBalance:4,846 BTC ($427,359,231) Ins:3 Outs:0",1PmtxPwp,4846.0,427359231.0,0.02443,2023-06-12 19:39:36+00:00,2024-12-28 14:16:57+00:00,3,,,0
"162bzZT2hJfv5Gm3ZmWfWfHJjCtMD6rHhwwallet: gate.io-coldwalletBalance:4,845 BTC ($427,242,370) Ins:739 Outs:427",162bzZT2,4845.0,427242370.0,0.02443,2022-10-19 04:37:20+00:00,2025-03-06 04:29:45+00:00,739,2022-10-24 04:29:26+00:00,2025-03-04 03:05:17+00:00,427
"124ixYbTUb5jBAsY5X9pJfimdc3x1qJSPuBalance:4,838 BTC ($426,685,521) Ins:86 Outs:0",124ixYbT,4838.0,426685521.0,0.0244,2021-02-25 04:01:02+00:00,2025-01-28 07:26:42+00:00,86,,,0
"1DFs6ynVroL3Kd86dW8sqWVf6u3W65mqYNBalance:4,838 BTC ($426,621,508) Ins:8 Outs:5",1DFs6ynV,4838.0,426621508.0,0.02439,2024-07-07 17:39:30+00:00,2025-01-27 12:20:43+00:00,8,2024-07-07 17:54:17+00:00,2024-07-07 17:54:17+00:00,5
"17spLhCpZVdQXFz2ZL1aP5gRci6RFVNhrDBalance:4,817 BTC ($424,792,922) Ins:24 Outs:0",17spLhCp,4817.0,424792922.0,0.02429,2018-05-17 15:38:09+00:00,2024-12-29 03:33:55+00:00,24,,,0
"3J8HWyAAsa5g8uTod4CNDHCBEs7hesVtQFBalance:4,800 BTC ($423,295,457) Ins:1 Outs:0",3J8HWyAA,4800.0,423295457.0,0.0242,2025-01-20 08:56:55+00:00,2025-01-20 08:56:55+00:00,1,,,0
"1Miy5sJZSamDZN6xcJJidp9zYxhSrpDeJmBalance:4,792 BTC ($422,589,370) Ins:33 Outs:0",1Miy5sJZ,4792.0,422589370.0,0.02416,2013-12-21 04:44:50+00:00,2024-12-29 03:33:55+00:00,33,,,0
"1DTibFT2vzUhM3LjCL7PXUbwgv3KfhAD3YBalance:4,762 BTC ($419,975,270) Ins:78 Outs:0",1DTibFT2,4762.0,419975270.0,0.02401,2021-02-26 00:13:46+00:00,2025-01-27 14:15:16+00:00,78,,,0
"1MGRMRJkMvEbmSRZxtA5zkAoZiDBEnrFGjBalance:4,762 BTC ($419,975,267) Ins:73 Outs:0",1MGRMRJk,4762.0,419975267.0,0.02401,2021-02-25 09:33:12+00:00,2025-01-28 01:14:50+00:00,73,,,0
